default,account_check_status,duration_in_month,credit_history,purpose,credit_amount,savings,present_emp_since,installment_as_income_perc,personal_status_sex
0,< 0 INR,6,critical account/ other credits existing (not at this bank),domestic appliances,58450,unknown/ no savings account,.. >= 7 years,4,male : single
1,0 <= ... < 10000 INR,48,existing credits paid back duly till now,domestic appliances,297550,... < 5000 INR,1 <= ... < 4 years,2,female : divorced/separated/married
0,no checking account,12,critical account/ other credits existing (not at this bank),(vacation - does not exist?),104800,... < 5000 INR,4 <= ... < 7 years,2,male : single
0,< 0 INR,42,existing credits paid back duly till now,radio/television,394100,... < 5000 INR,4 <= ... < 7 years,2,male : single
1,< 0 INR,24,delay in paying off in the past,car (new),243500,... < 5000 INR,1 <= ... < 4 years,3,male : single
0,no checking account,36,existing credits paid back duly till now,(vacation - does not exist?),452750,unknown/ no savings account,1 <= ... < 4 years,2,male : single
0,no checking account,24,existing credits paid back duly till now,radio/television,141750,25000 <= ... < 50000 INR ,.. >= 7 years,3,male : single
0,0 <= ... < 10000 INR,36,existing credits paid back duly till now,car (used),347400,... < 5000 INR,1 <= ... < 4 years,2,male : single
0,no checking account,12,existing credits paid back duly till now,domestic appliances,152950,.. >= 50000 INR ,4 <= ... < 7 years,2,male : divorced/separated
1,0 <= ... < 10000 INR,30,critical account/ other credits existing (not at this bank),car (new),261700,... < 5000 INR,unemployed,4,male : married/widowed
1,0 <= ... < 10000 INR,12,existing credits paid back duly till now,car (new),64750,... < 5000 INR,... < 1 year ,3,female : divorced/separated/married
1,< 0 INR,48,existing credits paid back duly till now,business,215400,... < 5000 INR,... < 1 year ,3,female : divorced/separated/married
0,0 <= ... < 10000 INR,12,existing credits paid back duly till now,domestic appliances,78350,... < 5000 INR,1 <= ... < 4 years,1,female : divorced/separated/married
1,< 0 INR,24,critical account/ other credits existing (not at this bank),car (new),59950,... < 5000 INR,.. >= 7 years,4,male : single
0,< 0 INR,15,existing credits paid back duly till now,car (new),70150,... < 5000 INR,1 <= ... < 4 years,2,female : divorced/separated/married
1,< 0 INR,24,existing credits paid back duly till now,domestic appliances,64100,5000 <= ... < 25000 INR,1 <= ... < 4 years,4,female : divorced/separated/married
0,no checking account,24,critical account/ other credits existing (not at this bank),domestic appliances,121200,unknown/ no savings account,.. >= 7 years,4,male : single
0,< 0 INR,30,no credits taken/ all credits paid back duly,business,403600,unknown/ no savings account,... < 1 year ,2,male : single
1,0 <= ... < 10000 INR,24,existing credits paid back duly till now,car (used),628950,... < 5000 INR,.. >= 7 years,4,female : divorced/separated/married
0,no checking account,24,existing credits paid back duly till now,domestic appliances,171500,25000 <= ... < 50000 INR ,.. >= 7 years,3,male : single
0,no checking account,9,critical account/ other credits existing (not at this bank),car (new),106700,... < 5000 INR,1 <= ... < 4 years,4,male : single
0,< 0 INR,6,existing credits paid back duly till now,domestic appliances,132350,25000 <= ... < 50000 INR ,1 <= ... < 4 years,2,male : single
0,< 0 INR,10,critical account/ other credits existing (not at this bank),car (new),112050,... < 5000 INR,... < 1 year ,1,male : single
0,0 <= ... < 10000 INR,12,critical account/ other credits existing (not at this bank),car (used),90200,5000 <= ... < 25000 INR,... < 1 year ,3,male : single
0,no checking account,10,critical account/ other credits existing (not at this bank),radio/television,103450,unknown/ no savings account,1 <= ... < 4 years,2,male : married/widowed
0,< 0 INR,6,existing credits paid back duly till now,radio/television,68700,... < 5000 INR,1 <= ... < 4 years,1,male : single
0,no checking account,6,no credits taken/ all credits paid back duly,domestic appliances,21300,... < 5000 INR,.. >= 7 years,4,male : married/widowed
0,>= 10000 INR / salary assignments for at least 1 year,12,all credits at this bank paid back duly,domestic appliances,20450,.. >= 50000 INR ,1 <= ... < 4 years,3,female : divorced/separated/married
0,0 <= ... < 10000 INR,7,existing credits paid back duly till now,domestic appliances,120750,... < 5000 INR,1 <= ... < 4 years,3,male : single
1,< 0 INR,60,delay in paying off in the past,business,341800,... < 5000 INR,.. >= 7 years,3,male : single
0,0 <= ... < 10000 INR,18,existing credits paid back duly till now,business,95650,.. >= 50000 INR ,... < 1 year ,3,male : married/widowed
0,< 0 INR,24,existing credits paid back duly till now,radio/television,201000,... < 5000 INR,1 <= ... < 4 years,2,male : single
0,0 <= ... < 10000 INR,18,existing credits paid back duly till now,car (new),293300,5000 <= ... < 25000 INR,1 <= ... < 4 years,2,male : single
0,no checking account,12,critical account/ other credits existing (not at this bank),business,63200,unknown/ no savings account,.. >= 7 years,4,male : single
0,>= 10000 INR / salary assignments for at least 1 year,12,existing credits paid back duly till now,radio/television,73700,... < 5000 INR,... < 1 year ,4,female : divorced/separated/married
1,0 <= ... < 10000 INR,45,critical account/ other credits existing (not at this bank),domestic appliances,237300,... < 5000 INR,... < 1 year ,4,male : single
0,no checking account,48,critical account/ other credits existing (not at this bank),(vacation - does not exist?),305500,... < 5000 INR,1 <= ... < 4 years,1,male : single
1,>= 10000 INR / salary assignments for at least 1 year,18,existing credits paid back duly till now,domestic appliances,105000,... < 5000 INR,1 <= ... < 4 years,4,male : single
0,>= 10000 INR / salary assignments for at least 1 year,10,existing credits paid back duly till now,repairs,61250,... < 5000 INR,1 <= ... < 4 years,2,male : single
0,0 <= ... < 10000 INR,9,existing credits paid back duly till now,domestic appliances,22900,... < 5000 INR,1 <= ... < 4 years,4,male : single
0,no checking account,30,existing credits paid back duly till now,domestic appliances,116650,25000 <= ... < 50000 INR ,.. >= 7 years,4,male : single
0,0 <= ... < 10000 INR,12,existing credits paid back duly till now,domestic appliances,57900,25000 <= ... < 50000 INR ,1 <= ... < 4 years,3,male : divorced/separated
0,0 <= ... < 10000 INR,18,delay in paying off in the past,education,310200,... < 5000 INR,1 <= ... < 4 years,2,male : single
0,< 0 INR,30,critical account/ other credits existing (not at this bank),car (used),309350,5000 <= ... < 25000 INR,4 <= ... < 7 years,1,male : married/widowed
1,< 0 INR,48,critical account/ other credits existing (not at this bank),car (used),307150,... < 5000 INR,.. >= 7 years,4,female : divorced/separated/married
0,no checking account,11,critical account/ other credits existing (not at this bank),car (new),69650,... < 5000 INR,... < 1 year ,4,female : divorced/separated/married
0,no checking account,36,existing credits paid back duly till now,domestic appliances,114950,25000 <= ... < 50000 INR ,.. >= 7 years,4,male : single
0,< 0 INR,6,existing credits paid back duly till now,car (used),67600,25000 <= ... < 50000 INR ,unemployed,1,female : divorced/separated/married
0,no checking account,11,critical account/ other credits existing (not at this bank),car (new),361400,... < 5000 INR,1 <= ... < 4 years,1,male : single
0,no checking account,12,existing credits paid back duly till now,domestic appliances,103650,5000 <= ... < 25000 INR,1 <= ... < 4 years,4,female : divorced/separated/married
0,0 <= ... < 10000 INR,24,delay in paying off in the past,radio/television,116650,unknown/ no savings account,... < 1 year ,4,male : single
0,0 <= ... < 10000 INR,27,delay in paying off in the past,car (used),298250,... < 5000 INR,.. >= 7 years,1,male : single
0,no checking account,12,existing credits paid back duly till now,domestic appliances,63100,... < 5000 INR,1 <= ... < 4 years,3,male : single
0,no checking account,18,existing credits paid back duly till now,car (used),168900,unknown/ no savings account,1 <= ... < 4 years,2,male : single
1,0 <= ... < 10000 INR,36,delay in paying off in the past,car (new),111250,... < 5000 INR,.. >= 7 years,4,male : single
0,no checking account,6,all credits at this bank paid back duly,car (new),39150,unknown/ no savings account,1 <= ... < 4 years,1,male : single
1,0 <= ... < 10000 INR,12,existing credits paid back duly till now,domestic appliances,323400,unknown/ no savings account,unemployed,2,male : single
0,no checking account,36,critical account/ other credits existing (not at this bank),domestic appliances,478300,... < 5000 INR,1 <= ... < 4 years,2,female : divorced/separated/married
0,>= 10000 INR / salary assignments for at least 1 year,18,existing credits paid back duly till now,car (new),98050,... < 5000 INR,.. >= 7 years,3,female : divorced/separated/married
1,< 0 INR,36,critical account/ other credits existing (not at this bank),radio/television,311450,... < 5000 INR,... < 1 year ,4,female : divorced/separated/married
0,0 <= ... < 10000 INR,9,existing credits paid back duly till now,business,69550,... < 5000 INR,1 <= ... < 4 years,2,male : married/widowed
0,0 <= ... < 10000 INR,15,critical account/ other credits existing (not at this bank),domestic appliances,76850,unknown/ no savings account,.. >= 7 years,4,male : single
1,0 <= ... < 10000 INR,36,no credits taken/ all credits paid back duly,business,97650,... < 5000 INR,.. >= 7 years,4,male : single
1,0 <= ... < 10000 INR,48,no credits taken/ all credits paid back duly,business,721050,... < 5000 INR,1 <= ... < 4 years,2,male : single
0,no checking account,24,existing credits paid back duly till now,domestic appliances,159050,... < 5000 INR,... < 1 year ,4,female : divorced/separated/married
0,no checking account,27,existing credits paid back duly till now,education,259500,unknown/ no savings account,.. >= 7 years,4,male : single
0,no checking account,12,existing credits paid back duly till now,domestic appliances,108550,... < 5000 INR,... < 1 year ,2,female : divorced/separated/married
0,0 <= ... < 10000 INR,12,existing credits paid back duly till now,car (new),50350,.. >= 50000 INR ,1 <= ... < 4 years,4,male : married/widowed
1,no checking account,36,existing credits paid back duly till now,(vacation - does not exist?),90950,... < 5000 INR,1 <= ... < 4 years,4,male : single
0,no checking account,36,existing credits paid back duly till now,domestic appliances,119700,unknown/ no savings account,1 <= ... < 4 years,4,female : divorced/separated/married
0,no checking account,36,existing credits paid back duly till now,car (used),406650,... < 5000 INR,1 <= ... < 4 years,1,female : divorced/separated/married
0,no checking account,7,critical account/ other credits existing (not at this bank),domestic appliances,36500,unknown/ no savings account,.. >= 7 years,4,male : single
0,< 0 INR,8,critical account/ other credits existing (not at this bank),furniture/equipment,58200,... < 5000 INR,.. >= 7 years,3,male : single
0,0 <= ... < 10000 INR,42,critical account/ other credits existing (not at this bank),business,297700,... < 5000 INR,4 <= ... < 7 years,2,female : divorced/separated/married
1,< 0 INR,36,existing credits paid back duly till now,(vacation - does not exist?),98850,unknown/ no savings account,.. >= 7 years,4,male : single
0,< 0 INR,12,critical account/ other credits existing (not at this bank),car (used),76300,... < 5000 INR,.. >= 7 years,4,male : single
1,< 0 INR,42,existing credits paid back duly till now,domestic appliances,198250,... < 5000 INR,... < 1 year ,4,male : single
0,0 <= ... < 10000 INR,11,delay in paying off in the past,domestic appliances,238550,... < 5000 INR,4 <= ... < 7 years,2,male : single
0,no checking account,54,no credits taken/ all credits paid back duly,car (used),471800,unknown/ no savings account,1 <= ... < 4 years,2,male : single
0,0 <= ... < 10000 INR,30,existing credits paid back duly till now,radio/television,191600,... < 5000 INR,... < 1 year ,2,male : married/widowed
1,no checking account,24,existing credits paid back duly till now,domestic appliances,297150,unknown/ no savings account,... < 1 year ,1,female : divorced/separated/married
0,no checking account,15,existing credits paid back duly till now,domestic appliances,60650,25000 <= ... < 50000 INR ,.. >= 7 years,4,male : single
0,no checking account,18,existing credits paid back duly till now,business,78400,5000 <= ... < 25000 INR,1 <= ... < 4 years,3,female : divorced/separated/married
0,< 0 INR,24,existing credits paid back duly till now,furniture/equipment,87750,... < 5000 INR,.. >= 7 years,4,female : divorced/separated/married
0,< 0 INR,10,existing credits paid back duly till now,domestic appliances,115750,... < 5000 INR,.. >= 7 years,3,male : single
0,no checking account,12,critical account/ other credits existing (not at this bank),business,70600,... < 5000 INR,1 <= ... < 4 years,4,female : divorced/separated/married
0,0 <= ... < 10000 INR,18,critical account/ other credits existing (not at this bank),radio/television,64750,... < 5000 INR,... < 1 year ,4,female : divorced/separated/married
1,0 <= ... < 10000 INR,36,existing credits paid back duly till now,(vacation - does not exist?),630600,5000 <= ... < 25000 INR,1 <= ... < 4 years,1,male : single
0,< 0 INR,18,existing credits paid back duly till now,car (new),112450,5000 <= ... < 25000 INR,4 <= ... < 7 years,4,male : single
1,< 0 INR,12,no credits taken/ all credits paid back duly,education,55400,... < 5000 INR,4 <= ... < 7 years,4,male : single
0,no checking account,12,critical account/ other credits existing (not at this bank),domestic appliances,30900,... < 5000 INR,.. >= 7 years,4,male : single
0,< 0 INR,12,critical account/ other credits existing (not at this bank),car (used),70450,... < 5000 INR,.. >= 7 years,4,male : single
1,no checking account,12,critical account/ other credits existing (not at this bank),domestic appliances,39850,unknown/ no savings account,.. >= 7 years,4,female : divorced/separated/married
0,>= 10000 INR / salary assignments for at least 1 year,24,critical account/ other credits existing (not at this bank),radio/television,180850,unknown/ no savings account,.. >= 7 years,4,male : single
0,0 <= ... < 10000 INR,12,existing credits paid back duly till now,car (new),65900,.. >= 50000 INR ,.. >= 7 years,4,male : single
1,0 <= ... < 10000 INR,54,no credits taken/ all credits paid back duly,business,797250,... < 5000 INR,... < 1 year ,3,male : single
0,no checking account,12,critical account/ other credits existing (not at this bank),(vacation - does not exist?),100600,unknown/ no savings account,4 <= ... < 7 years,4,female : divorced/separated/married
0,0 <= ... < 10000 INR,18,existing credits paid back duly till now,business,131100,5000 <= ... < 25000 INR,1 <= ... < 4 years,4,male : single
0,0 <= ... < 10000 INR,36,critical account/ other credits existing (not at this bank),domestic appliances,116850,... < 5000 INR,.. >= 7 years,4,male : single
0,0 <= ... < 10000 INR,20,delay in paying off in the past,car (used),352850,unknown/ no savings account,4 <= ... < 7 years,3,male : single
0,no checking account,24,existing credits paid back duly till now,car (new),73450,5000 <= ... < 25000 INR,.. >= 7 years,4,male : married/widowed
0,0 <= ... < 10000 INR,36,existing credits paid back duly till now,domestic appliances,116150,... < 5000 INR,4 <= ... < 7 years,4,male : single
0,no checking account,6,delay in paying off in the past,domestic appliances,46600,... < 5000 INR,1 <= ... < 4 years,3,female : divorced/separated/married
0,0 <= ... < 10000 INR,9,critical account/ other credits existing (not at this bank),radio/television,95950,... < 5000 INR,4 <= ... < 7 years,4,male : single
0,no checking account,12,existing credits paid back duly till now,car (used),122250,unknown/ no savings account,... < 1 year ,2,male : married/widowed
1,0 <= ... < 10000 INR,24,critical account/ other credits existing (not at this bank),furniture/equipment,596900,... < 5000 INR,1 <= ... < 4 years,2,male : single
1,no checking account,18,all credits at this bank paid back duly,car (new),322900,... < 5000 INR,.. >= 7 years,2,male : single
0,0 <= ... < 10000 INR,12,existing credits paid back duly till now,car (new),303900,... < 5000 INR,4 <= ... < 7 years,2,male : single
0,< 0 INR,24,existing credits paid back duly till now,radio/television,386050,unknown/ no savings account,... < 1 year ,1,female : divorced/separated/married
0,0 <= ... < 10000 INR,14,existing credits paid back duly till now,business,70500,25000 <= ... < 50000 INR ,.. >= 7 years,1,male : married/widowed
0,0 <= ... < 10000 INR,6,delay in paying off in the past,business,72450,5000 <= ... < 25000 INR,.. >= 7 years,1,male : divorced/separated
0,>= 10000 INR / salary assignments for at least 1 year,15,existing credits paid back duly till now,(vacation - does not exist?),19600,... < 5000 INR,... < 1 year ,4,female : divorced/separated/married
0,0 <= ... < 10000 INR,18,existing credits paid back duly till now,car (new),313000,... < 5000 INR,4 <= ... < 7 years,3,male : single
1,no checking account,36,critical account/ other credits existing (not at this bank),car (new),392750,... < 5000 INR,1 <= ... < 4 years,4,female : divorced/separated/married
0,< 0 INR,12,existing credits paid back duly till now,domestic appliances,84000,25000 <= ... < 50000 INR ,.. >= 7 years,3,male : married/widowed
0,no checking account,48,critical account/ other credits existing (not at this bank),domestic appliances,178900,unknown/ no savings account,.. >= 7 years,4,male : single
1,< 0 INR,42,existing credits paid back duly till now,domestic appliances,358700,unknown/ no savings account,4 <= ... < 7 years,4,female : divorced/separated/married
0,< 0 INR,10,critical account/ other credits existing (not at this bank),radio/television,106600,unknown/ no savings account,... < 1 year ,2,female : divorced/separated/married
1,< 0 INR,33,critical account/ other credits existing (not at this bank),radio/television,214050,25000 <= ... < 50000 INR ,1 <= ... < 4 years,1,female : divorced/separated/married
0,0 <= ... < 10000 INR,12,critical account/ other credits existing (not at this bank),car (new),118300,25000 <= ... < 50000 INR ,4 <= ... < 7 years,3,male : divorced/separated
1,< 0 INR,21,existing credits paid back duly till now,domestic appliances,91750,... < 5000 INR,1 <= ... < 4 years,3,female : divorced/separated/married
0,no checking account,24,critical account/ other credits existing (not at this bank),car (used),193400,... < 5000 INR,.. >= 7 years,4,female : divorced/separated/married
0,no checking account,12,existing credits paid back duly till now,radio/television,88400,... < 5000 INR,1 <= ... < 4 years,3,male : single
0,>= 10000 INR / salary assignments for at least 1 year,10,critical account/ other credits existing (not at this bank),car (new),39050,... < 5000 INR,.. >= 7 years,4,male : single
1,0 <= ... < 10000 INR,18,existing credits paid back duly till now,radio/television,96200,unknown/ no savings account,... < 1 year ,4,female : divorced/separated/married
0,< 0 INR,12,critical account/ other credits existing (not at this bank),car (new),106050,... < 5000 INR,1 <= ... < 4 years,4,male : single
0,< 0 INR,12,existing credits paid back duly till now,domestic appliances,35050,... < 5000 INR,1 <= ... < 4 years,4,male : married/widowed
1,0 <= ... < 10000 INR,12,existing credits paid back duly till now,education,31950,... < 5000 INR,1 <= ... < 4 years,4,male : single
0,0 <= ... < 10000 INR,12,critical account/ other credits existing (not at this bank),car (used),93000,... < 5000 INR,unemployed,4,male : single
1,< 0 INR,12,critical account/ other credits existing (not at this bank),car (new),174950,... < 5000 INR,1 <= ... < 4 years,3,female : divorced/separated/married
0,0 <= ... < 10000 INR,48,existing credits paid back duly till now,car (new),424350,unknown/ no savings account,4 <= ... < 7 years,1,female : divorced/separated/married
1,< 0 INR,36,delay in paying off in the past,(vacation - does not exist?),344350,... < 5000 INR,1 <= ... < 4 years,4,male : single
0,no checking account,15,existing credits paid back duly till now,radio/television,135400,... < 5000 INR,... < 1 year ,2,male : single
0,no checking account,18,existing credits paid back duly till now,radio/television,99200,... < 5000 INR,1 <= ... < 4 years,4,male : single
0,no checking account,60,existing credits paid back duly till now,domestic appliances,507200,5000 <= ... < 25000 INR,4 <= ... < 7 years,2,female : divorced/separated/married
0,no checking account,12,critical account/ other credits existing (not at this bank),domestic appliances,62000,unknown/ no savings account,.. >= 7 years,4,female : divorced/separated/married
0,no checking account,27,delay in paying off in the past,car (used),430650,.. >= 50000 INR ,1 <= ... < 4 years,2,male : single
1,0 <= ... < 10000 INR,12,existing credits paid back duly till now,domestic appliances,38300,25000 <= ... < 50000 INR ,1 <= ... < 4 years,4,male : single
0,0 <= ... < 10000 INR,15,critical account/ other credits existing (not at this bank),domestic appliances,136400,unknown/ no savings account,4 <= ... < 7 years,4,male : single
0,>= 10000 INR / salary assignments for at least 1 year,12,existing credits paid back duly till now,domestic appliances,94050,... < 5000 INR,1 <= ... < 4 years,2,female : divorced/separated/married
0,>= 10000 INR / salary assignments for at least 1 year,6,existing credits paid back duly till now,car (new),35450,.. >= 50000 INR ,... < 1 year ,2,male : married/widowed
0,0 <= ... < 10000 INR,36,existing credits paid back duly till now,domestic appliances,239750,... < 5000 INR,... < 1 year ,4,female : divorced/separated/married
0,< 0 INR,27,existing credits paid back duly till now,domestic appliances,170800,... < 5000 INR,1 <= ... < 4 years,3,male : single
1,< 0 INR,18,existing credits paid back duly till now,radio/television,123100,... < 5000 INR,1 <= ... < 4 years,2,male : single
0,no checking account,21,critical account/ other credits existing (not at this bank),radio/television,114400,... < 5000 INR,... < 1 year ,4,female : divorced/separated/married
0,0 <= ... < 10000 INR,48,all credits at this bank paid back duly,business,178300,5000 <= ... < 25000 INR,4 <= ... < 7 years,4,male : single
0,< 0 INR,6,critical account/ other credits existing (not at this bank),car (new),43000,... < 5000 INR,.. >= 7 years,1,female : divorced/separated/married
0,no checking account,12,critical account/ other credits existing (not at this bank),car (new),34100,5000 <= ... < 25000 INR,4 <= ... < 7 years,4,female : divorced/separated/married
0,< 0 INR,36,critical account/ other credits existing (not at this bank),radio/television,268550,... < 5000 INR,1 <= ... < 4 years,3,male : single
0,no checking account,18,critical account/ other credits existing (not at this bank),domestic appliances,79100,.. >= 50000 INR ,.. >= 7 years,4,male : single
0,no checking account,6,existing credits paid back duly till now,domestic appliances,67300,5000 <= ... < 25000 INR,.. >= 7 years,2,male : single
0,no checking account,10,existing credits paid back duly till now,domestic appliances,96200,... < 5000 INR,1 <= ... < 4 years,1,male : single
0,>= 10000 INR / salary assignments for at least 1 year,36,existing credits paid back duly till now,domestic appliances,292400,... < 5000 INR,1 <= ... < 4 years,4,male : single
0,0 <= ... < 10000 INR,24,critical account/ other credits existing (not at this bank),car (used),387900,.. >= 50000 INR ,.. >= 7 years,2,female : divorced/separated/married
0,0 <= ... < 10000 INR,24,delay in paying off in the past,business,348350,5000 <= ... < 25000 INR,4 <= ... < 7 years,4,male : single
1,< 0 INR,12,existing credits paid back duly till now,radio/television,64100,... < 5000 INR,1 <= ... < 4 years,2,female : divorced/separated/married
0,< 0 INR,9,critical account/ other credits existing (not at this bank),education,64400,5000 <= ... < 25000 INR,.. >= 7 years,3,male : single
0,< 0 INR,12,all credits at this bank paid back duly,retraining,16950,... < 5000 INR,.. >= 7 years,4,male : married/widowed
0,0 <= ... < 10000 INR,24,existing credits paid back duly till now,car (new),175600,5000 <= ... < 25000 INR,4 <= ... < 7 years,2,male : single
0,no checking account,6,critical account/ other credits existing (not at this bank),domestic appliances,94900,unknown/ no savings account,1 <= ... < 4 years,1,male : single
0,no checking account,24,critical account/ other credits existing (not at this bank),domestic appliances,143600,5000 <= ... < 25000 INR,.. >= 7 years,3,male : single
0,no checking account,18,critical account/ other credits existing (not at this bank),car (new),52750,... < 5000 INR,... < 1 year ,4,female : divorced/separated/married
0,no checking account,15,existing credits paid back duly till now,repairs,63100,25000 <= ... < 50000 INR ,4 <= ... < 7 years,4,male : single
0,0 <= ... < 10000 INR,10,existing credits paid back duly till now,car (new),365400,... < 5000 INR,unemployed,2,male : single
0,no checking account,36,existing credits paid back duly till now,car (new),45450,25000 <= ... < 50000 INR ,.. >= 7 years,4,male : single
0,no checking account,6,existing credits paid back duly till now,radio/television,148900,25000 <= ... < 50000 INR ,1 <= ... < 4 years,1,male : single
1,< 0 INR,18,existing credits paid back duly till now,radio/television,56550,... < 5000 INR,unemployed,4,female : divorced/separated/married
0,0 <= ... < 10000 INR,11,existing credits paid back duly till now,radio/television,78850,.. >= 50000 INR ,... < 1 year ,4,female : divorced/separated/married
0,no checking account,24,existing credits paid back duly till now,radio/television,198600,... < 5000 INR,4 <= ... < 7 years,2,female : divorced/separated/married
1,0 <= ... < 10000 INR,24,critical account/ other credits existing (not at this bank),business,96750,... < 5000 INR,.. >= 7 years,4,male : divorced/separated
1,< 0 INR,15,no credits taken/ all credits paid back duly,car (new),47500,... < 5000 INR,.. >= 7 years,4,male : single
0,no checking account,12,existing credits paid back duly till now,radio/television,38150,... < 5000 INR,1 <= ... < 4 years,4,female : divorced/separated/married
1,0 <= ... < 10000 INR,24,delay in paying off in the past,radio/television,103200,... < 5000 INR,unemployed,3,female : divorced/separated/married
0,0 <= ... < 10000 INR,8,existing credits paid back duly till now,domestic appliances,70700,... < 5000 INR,1 <= ... < 4 years,4,male : single
1,< 0 INR,21,delay in paying off in the past,(vacation - does not exist?),170700,... < 5000 INR,... < 1 year ,2,male : single
1,no checking account,30,all credits at this bank paid back duly,car (used),374250,unknown/ no savings account,unemployed,4,female : divorced/separated/married
0,< 0 INR,12,existing credits paid back duly till now,radio/television,128850,... < 5000 INR,1 <= ... < 4 years,2,male : divorced/separated
0,< 0 INR,6,critical account/ other credits existing (not at this bank),domestic appliances,16900,25000 <= ... < 50000 INR ,.. >= 7 years,4,male : single
0,no checking account,12,existing credits paid back duly till now,domestic appliances,98150,... < 5000 INR,4 <= ... < 7 years,4,male : single
0,< 0 INR,21,critical account/ other credits existing (not at this bank),car (new),28550,... < 5000 INR,.. >= 7 years,4,male : single
1,no checking account,36,delay in paying off in the past,business,478600,... < 5000 INR,... < 1 year ,1,male : divorced/separated
1,0 <= ... < 10000 INR,36,delay in paying off in the past,business,222750,... < 5000 INR,1 <= ... < 4 years,2,male : divorced/separated
1,< 0 INR,21,all credits at this bank paid back duly,car (new),82350,unknown/ no savings account,1 <= ... < 4 years,4,male : single
0,no checking account,24,critical account/ other credits existing (not at this bank),radio/television,188850,.. >= 50000 INR ,1 <= ... < 4 years,4,male : single
1,0 <= ... < 10000 INR,18,critical account/ other credits existing (not at this bank),car (new),44200,... < 5000 INR,.. >= 7 years,4,male : single
0,no checking account,15,critical account/ other credits existing (not at this bank),domestic appliances,68000,... < 5000 INR,1 <= ... < 4 years,4,male : single
1,0 <= ... < 10000 INR,9,all credits at this bank paid back duly,car (used),256450,... < 5000 INR,.. >= 7 years,2,female : divorced/separated/married
0,0 <= ... < 10000 INR,16,critical account/ other credits existing (not at this bank),car (new),58750,... < 5000 INR,unemployed,2,male : single
1,< 0 INR,12,existing credits paid back duly till now,domestic appliances,33700,5000 <= ... < 25000 INR,4 <= ... < 7 years,4,male : married/widowed
0,0 <= ... < 10000 INR,18,no credits taken/ all credits paid back duly,radio/television,162200,... < 5000 INR,1 <= ... < 4 years,1,female : divorced/separated/married
1,no checking account,24,existing credits paid back duly till now,business,229550,.. >= 50000 INR ,1 <= ... < 4 years,2,male : single
1,0 <= ... < 10000 INR,48,no credits taken/ all credits paid back duly,business,192200,5000 <= ... < 25000 INR,4 <= ... < 7 years,4,male : single
1,0 <= ... < 10000 INR,27,existing credits paid back duly till now,business,195750,... < 5000 INR,1 <= ... < 4 years,4,male : single
0,no checking account,6,existing credits paid back duly till now,domestic appliances,105400,... < 5000 INR,4 <= ... < 7 years,2,male : married/widowed
1,0 <= ... < 10000 INR,45,existing credits paid back duly till now,domestic appliances,151550,5000 <= ... < 25000 INR,1 <= ... < 4 years,4,male : single
1,0 <= ... < 10000 INR,9,critical account/ other credits existing (not at this bank),(vacation - does not exist?),75050,... < 5000 INR,.. >= 7 years,2,female : divorced/separated/married
0,no checking account,6,critical account/ other credits existing (not at this bank),domestic appliances,69100,... < 5000 INR,1 <= ... < 4 years,1,female : divorced/separated/married
1,0 <= ... < 10000 INR,12,existing credits paid back duly till now,radio/television,47550,5000 <= ... < 25000 INR,... < 1 year ,4,female : divorced/separated/married
0,0 <= ... < 10000 INR,24,existing credits paid back duly till now,car (used),138000,unknown/ no savings account,.. >= 7 years,4,male : single
1,0 <= ... < 10000 INR,18,delay in paying off in the past,radio/television,214850,... < 5000 INR,.. >= 7 years,4,male : divorced/separated
0,no checking account,9,critical account/ other credits existing (not at this bank),(vacation - does not exist?),46800,25000 <= ... < 50000 INR ,.. >= 7 years,4,male : single
0,< 0 INR,12,existing credits paid back duly till now,car (new),58400,... < 5000 INR,1 <= ... < 4 years,4,male : married/widowed
0,no checking account,27,delay in paying off in the past,business,255850,... < 5000 INR,4 <= ... < 7 years,3,male : single
1,< 0 INR,12,existing credits paid back duly till now,retraining,45100,... < 5000 INR,4 <= ... < 7 years,4,male : married/widowed
0,no checking account,12,critical account/ other credits existing (not at this bank),car (new),74750,... < 5000 INR,.. >= 7 years,4,male : single
0,< 0 INR,30,critical account/ other credits existing (not at this bank),car (used),531150,... < 5000 INR,.. >= 7 years,3,male : single
0,no checking account,12,critical account/ other credits existing (not at this bank),radio/television,96750,... < 5000 INR,.. >= 7 years,4,male : single
0,0 <= ... < 10000 INR,12,critical account/ other credits existing (not at this bank),repairs,71200,... < 5000 INR,4 <= ... < 7 years,4,male : single
0,< 0 INR,24,existing credits paid back duly till now,business,328400,... < 5000 INR,1 <= ... < 4 years,2,male : married/widowed
0,no checking account,12,existing credits paid back duly till now,car (used),70650,.. >= 50000 INR ,4 <= ... < 7 years,3,male : single
0,no checking account,9,critical account/ other credits existing (not at this bank),domestic appliances,153700,unknown/ no savings account,1 <= ... < 4 years,1,male : single
0,no checking account,36,existing credits paid back duly till now,domestic appliances,191750,unknown/ no savings account,.. >= 7 years,2,female : divorced/separated/married
1,< 0 INR,27,no credits taken/ all credits paid back duly,business,264650,... < 5000 INR,unemployed,2,male : single
1,>= 10000 INR / salary assignments for at least 1 year,30,delay in paying off in the past,business,95400,... < 5000 INR,.. >= 7 years,4,male : single
0,no checking account,36,critical account/ other credits existing (not at this bank),domestic appliances,167100,unknown/ no savings account,.. >= 7 years,4,male : single
0,0 <= ... < 10000 INR,6,critical account/ other credits existing (not at this bank),retraining,46600,unknown/ no savings account,4 <= ... < 7 years,1,female : divorced/separated/married
0,< 0 INR,18,no credits taken/ all credits paid back duly,business,155200,... < 5000 INR,4 <= ... < 7 years,3,male : single
0,>= 10000 INR / salary assignments for at least 1 year,36,existing credits paid back duly till now,domestic appliances,195650,... < 5000 INR,1 <= ... < 4 years,2,male : single
0,< 0 INR,24,existing credits paid back duly till now,radio/television,151050,... < 5000 INR,1 <= ... < 4 years,2,male : divorced/separated
0,no checking account,10,existing credits paid back duly till now,car (new),68200,... < 5000 INR,1 <= ... < 4 years,2,female : divorced/separated/married
0,0 <= ... < 10000 INR,12,existing credits paid back duly till now,domestic appliances,31250,... < 5000 INR,... < 1 year ,4,male : married/widowed
0,< 0 INR,12,existing credits paid back duly till now,(vacation - does not exist?),60000,unknown/ no savings account,1 <= ... < 4 years,4,female : divorced/separated/married
0,no checking account,12,existing credits paid back duly till now,domestic appliances,35350,... < 5000 INR,1 <= ... < 4 years,4,male : single
0,no checking account,24,delay in paying off in the past,business,148900,unknown/ no savings account,1 <= ... < 4 years,4,male : single
0,no checking account,15,existing credits paid back duly till now,car (used),232850,... < 5000 INR,1 <= ... < 4 years,3,male : single
0,no checking account,36,no credits taken/ all credits paid back duly,education,130650,... < 5000 INR,1 <= ... < 4 years,4,male : single
1,0 <= ... < 10000 INR,48,existing credits paid back duly till now,domestic appliances,548050,.. >= 50000 INR ,4 <= ... < 7 years,1,male : single
1,< 0 INR,12,existing credits paid back duly till now,radio/television,393250,... < 5000 INR,.. >= 7 years,4,male : single
1,no checking account,9,existing credits paid back duly till now,domestic appliances,73900,... < 5000 INR,4 <= ... < 7 years,4,male : single
0,< 0 INR,24,existing credits paid back duly till now,radio/television,157450,... < 5000 INR,... < 1 year ,4,male : single
1,>= 10000 INR / salary assignments for at least 1 year,36,existing credits paid back duly till now,domestic appliances,210500,... < 5000 INR,1 <= ... < 4 years,4,male : single
0,no checking account,9,existing credits paid back duly till now,car (new),125350,25000 <= ... < 50000 INR ,.. >= 7 years,2,male : single
0,no checking account,12,existing credits paid back duly till now,domestic appliances,107050,5000 <= ... < 25000 INR,4 <= ... < 7 years,3,male : single
0,0 <= ... < 10000 INR,18,existing credits paid back duly till now,domestic appliances,43300,... < 5000 INR,1 <= ... < 4 years,4,male : married/widowed
0,no checking account,4,critical account/ other credits existing (not at this bank),domestic appliances,77200,... < 5000 INR,4 <= ... < 7 years,2,male : single
1,< 0 INR,24,existing credits paid back duly till now,domestic appliances,91150,... < 5000 INR,unemployed,4,male : single
1,0 <= ... < 10000 INR,6,existing credits paid back duly till now,car (new),727750,unknown/ no savings account,unemployed,1,male : single
1,0 <= ... < 10000 INR,21,existing credits paid back duly till now,business,138350,5000 <= ... < 25000 INR,.. >= 7 years,4,male : divorced/separated
0,no checking account,12,critical account/ other credits existing (not at this bank),domestic appliances,64550,... < 5000 INR,1 <= ... < 4 years,4,female : divorced/separated/married
0,< 0 INR,30,existing credits paid back duly till now,domestic appliances,126100,... < 5000 INR,.. >= 7 years,1,male : single
1,< 0 INR,24,existing credits paid back duly till now,car (new),45750,unknown/ no savings account,.. >= 7 years,4,female : divorced/separated/married
0,no checking account,6,existing credits paid back duly till now,domestic appliances,79750,... < 5000 INR,4 <= ... < 7 years,3,male : single
1,< 0 INR,48,no credits taken/ all credits paid back duly,car (used),230250,... < 5000 INR,.. >= 7 years,3,male : single
0,no checking account,12,critical account/ other credits existing (not at this bank),business,59250,... < 5000 INR,1 <= ... < 4 years,3,female : divorced/separated/married
0,no checking account,12,all credits at this bank paid back duly,retraining,172350,25000 <= ... < 50000 INR ,1 <= ... < 4 years,4,female : divorced/separated/married
0,no checking account,24,existing credits paid back duly till now,business,62900,... < 5000 INR,4 <= ... < 7 years,4,male : single
0,no checking account,12,critical account/ other credits existing (not at this bank),domestic appliances,35850,... < 5000 INR,.. >= 7 years,4,male : single
0,no checking account,6,no credits taken/ all credits paid back duly,car (new),60200,5000 <= ... < 25000 INR,1 <= ... < 4 years,4,male : single
0,>= 10000 INR / salary assignments for at least 1 year,24,existing credits paid back duly till now,radio/television,96250,... < 5000 INR,1 <= ... < 4 years,2,male : single
1,no checking account,18,existing credits paid back duly till now,domestic appliances,21650,... < 5000 INR,unemployed,3,female : divorced/separated/married
0,< 0 INR,6,critical account/ other credits existing (not at this bank),car (new),33300,.. >= 50000 INR ,4 <= ... < 7 years,3,female : divorced/separated/married
0,>= 10000 INR / salary assignments for at least 1 year,12,existing credits paid back duly till now,radio/television,112550,... < 5000 INR,1 <= ... < 4 years,1,female : divorced/separated/married
1,0 <= ... < 10000 INR,30,existing credits paid back duly till now,car (new),107500,... < 5000 INR,1 <= ... < 4 years,4,female : divorced/separated/married
0,no checking account,24,delay in paying off in the past,radio/television,207550,5000 <= ... < 25000 INR,1 <= ... < 4 years,2,male : single
0,0 <= ... < 10000 INR,9,existing credits paid back duly till now,radio/television,101500,unknown/ no savings account,4 <= ... < 7 years,2,male : single
0,0 <= ... < 10000 INR,60,delay in paying off in the past,domestic appliances,370900,unknown/ no savings account,1 <= ... < 4 years,1,male : single
0,no checking account,24,critical account/ other credits existing (not at this bank),domestic appliances,134200,... < 5000 INR,1 <= ... < 4 years,4,male : single
1,< 0 INR,12,all credits at this bank paid back duly,domestic appliances,107450,... < 5000 INR,1 <= ... < 4 years,4,male : divorced/separated
0,no checking account,15,existing credits paid back duly till now,car (used),190600,5000 <= ... < 25000 INR,... < 1 year ,1,female : divorced/separated/married
0,no checking account,11,critical account/ other credits existing (not at this bank),domestic appliances,57700,5000 <= ... < 25000 INR,unemployed,4,female : divorced/separated/married
0,< 0 INR,12,existing credits paid back duly till now,radio/television,82850,... < 5000 INR,1 <= ... < 4 years,2,male : single
0,< 0 INR,24,existing credits paid back duly till now,domestic appliances,80150,... < 5000 INR,.. >= 7 years,4,female : divorced/separated/married
0,< 0 INR,18,critical account/ other credits existing (not at this bank),car (new),265100,... < 5000 INR,.. >= 7 years,2,male : single
0,no checking account,12,critical account/ other credits existing (not at this bank),(vacation - does not exist?),137400,... < 5000 INR,.. >= 7 years,2,female : divorced/separated/married
0,no checking account,10,critical account/ other credits existing (not at this bank),car (new),61550,... < 5000 INR,.. >= 7 years,3,male : single
1,0 <= ... < 10000 INR,15,existing credits paid back duly till now,domestic appliances,40100,... < 5000 INR,.. >= 7 years,4,male : single
0,no checking account,36,critical account/ other credits existing (not at this bank),business,315200,unknown/ no savings account,.. >= 7 years,4,male : single
0,no checking account,24,existing credits paid back duly till now,domestic appliances,76650,... < 5000 INR,... < 1 year ,4,female : divorced/separated/married
1,< 0 INR,14,existing credits paid back duly till now,car (new),448900,... < 5000 INR,.. >= 7 years,1,male : divorced/separated
0,no checking account,24,existing credits paid back duly till now,domestic appliances,49950,unknown/ no savings account,.. >= 7 years,4,male : single
0,no checking account,18,existing credits paid back duly till now,car (new),133100,unknown/ no savings account,4 <= ... < 7 years,4,male : single
0,no checking account,12,critical account/ other credits existing (not at this bank),radio/television,70100,25000 <= ... < 50000 INR ,4 <= ... < 7 years,3,female : divorced/separated/married
0,0 <= ... < 10000 INR,48,all credits at this bank paid back duly,car (new),608450,unknown/ no savings account,unemployed,4,male : single
1,0 <= ... < 10000 INR,48,existing credits paid back duly till now,domestic appliances,153000,... < 5000 INR,4 <= ... < 7 years,4,male : single
1,< 0 INR,30,existing credits paid back duly till now,education,599900,... < 5000 INR,... < 1 year ,1,male : divorced/separated
0,no checking account,9,existing credits paid back duly till now,domestic appliances,134850,... < 5000 INR,1 <= ... < 4 years,1,male : single
0,no checking account,18,critical account/ other credits existing (not at this bank),domestic appliances,120200,... < 5000 INR,1 <= ... < 4 years,2,female : divorced/separated/married
0,< 0 INR,12,existing credits paid back duly till now,radio/television,63100,unknown/ no savings account,.. >= 7 years,2,male : divorced/separated
1,no checking account,6,existing credits paid back duly till now,radio/television,230550,... < 5000 INR,... < 1 year ,1,female : divorced/separated/married
0,no checking account,24,existing credits paid back duly till now,domestic appliances,95050,5000 <= ... < 25000 INR,1 <= ... < 4 years,4,male : single
0,no checking account,15,critical account/ other credits existing (not at this bank),car (used),168400,.. >= 50000 INR ,.. >= 7 years,3,male : single
0,no checking account,12,existing credits paid back duly till now,radio/television,78700,... < 5000 INR,1 <= ... < 4 years,4,male : single
0,>= 10000 INR / salary assignments for at least 1 year,18,all credits at this bank paid back duly,domestic appliances,72250,unknown/ no savings account,4 <= ... < 7 years,4,male : single
0,no checking account,15,critical account/ other credits existing (not at this bank),radio/television,76000,unknown/ no savings account,.. >= 7 years,4,male : single
0,0 <= ... < 10000 INR,24,critical account/ other credits existing (not at this bank),car (new),193900,5000 <= ... < 25000 INR,... < 1 year ,4,male : divorced/separated
0,< 0 INR,47,existing credits paid back duly till now,car (new),536100,... < 5000 INR,... < 1 year ,1,female : divorced/separated/married
0,< 0 INR,48,existing credits paid back duly till now,car (used),239400,... < 5000 INR,4 <= ... < 7 years,4,male : single
0,0 <= ... < 10000 INR,48,delay in paying off in the past,furniture/equipment,379100,5000 <= ... < 25000 INR,unemployed,2,male : single
0,0 <= ... < 10000 INR,12,existing credits paid back duly till now,domestic appliances,54600,... < 5000 INR,1 <= ... < 4 years,4,female : divorced/separated/married
1,< 0 INR,24,delay in paying off in the past,domestic appliances,51200,... < 5000 INR,... < 1 year ,4,male : married/widowed
0,no checking account,12,existing credits paid back duly till now,business,53800,... < 5000 INR,1 <= ... < 4 years,2,male : married/widowed
1,0 <= ... < 10000 INR,36,existing credits paid back duly till now,car (used),469900,... < 5000 INR,... < 1 year ,1,male : married/widowed
0,< 0 INR,24,critical account/ other credits existing (not at this bank),car (used),320950,... < 5000 INR,.. >= 7 years,2,female : divorced/separated/married
0,>= 10000 INR / salary assignments for at least 1 year,42,critical account/ other credits existing (not at this bank),car (used),239800,... < 5000 INR,.. >= 7 years,4,male : single
0,no checking account,48,critical account/ other credits existing (not at this bank),business,381450,unknown/ no savings account,.. >= 7 years,4,male : divorced/separated
1,0 <= ... < 10000 INR,48,existing credits paid back duly till now,radio/television,498000,... < 5000 INR,... < 1 year ,1,female : divorced/separated/married
0,no checking account,12,existing credits paid back duly till now,car (used),233750,unknown/ no savings account,... < 1 year ,1,female : divorced/separated/married
0,no checking account,10,existing credits paid back duly till now,car (new),64350,unknown/ no savings account,.. >= 7 years,4,male : single
0,no checking account,18,existing credits paid back duly till now,radio/television,125750,... < 5000 INR,1 <= ... < 4 years,3,male : single
0,0 <= ... < 10000 INR,21,critical account/ other credits existing (not at this bank),radio/television,137250,.. >= 50000 INR ,4 <= ... < 7 years,3,male : single
0,no checking account,6,existing credits paid back duly till now,car (new),33600,... < 5000 INR,unemployed,1,female : divorced/separated/married
1,0 <= ... < 10000 INR,36,no credits taken/ all credits paid back duly,domestic appliances,190200,... < 5000 INR,1 <= ... < 4 years,4,female : divorced/separated/married
1,>= 10000 INR / salary assignments for at least 1 year,24,critical account/ other credits existing (not at this bank),car (new),67200,unknown/ no savings account,4 <= ... < 7 years,4,male : single
0,< 0 INR,10,critical account/ other credits existing (not at this bank),car (new),51900,... < 5000 INR,4 <= ... < 7 years,4,male : single
1,no checking account,48,critical account/ other credits existing (not at this bank),car (new),506350,25000 <= ... < 50000 INR ,1 <= ... < 4 years,2,male : single
0,no checking account,6,existing credits paid back duly till now,radio/television,77150,.. >= 50000 INR ,1 <= ... < 4 years,4,male : divorced/separated
0,no checking account,30,existing credits paid back duly till now,car (used),240550,unknown/ no savings account,4 <= ... < 7 years,2,female : divorced/separated/married
1,< 0 INR,12,existing credits paid back duly till now,domestic appliances,36350,5000 <= ... < 25000 INR,... < 1 year ,4,male : married/widowed
1,0 <= ... < 10000 INR,8,existing credits paid back duly till now,radio/television,61850,... < 5000 INR,1 <= ... < 4 years,3,female : divorced/separated/married
0,0 <= ... < 10000 INR,9,existing credits paid back duly till now,car (new),13800,... < 5000 INR,1 <= ... < 4 years,4,male : married/widowed
0,0 <= ... < 10000 INR,48,existing credits paid back duly till now,furniture/equipment,269050,unknown/ no savings account,unemployed,3,male : single
0,no checking account,24,existing credits paid back duly till now,radio/television,275550,5000 <= ... < 25000 INR,1 <= ... < 4 years,4,male : single
0,>= 10000 INR / salary assignments for at least 1 year,24,existing credits paid back duly till now,radio/television,187450,... < 5000 INR,... < 1 year ,2,female : divorced/separated/married
1,0 <= ... < 10000 INR,12,existing credits paid back duly till now,car (new),34250,... < 5000 INR,4 <= ... < 7 years,2,male : married/widowed
0,>= 10000 INR / salary assignments for at least 1 year,4,existing credits paid back duly till now,car (new),74700,unknown/ no savings account,... < 1 year ,1,male : single
1,< 0 INR,36,all credits at this bank paid back duly,radio/television,137300,... < 5000 INR,.. >= 7 years,4,male : single
0,< 0 INR,12,existing credits paid back duly till now,radio/television,35400,... < 5000 INR,1 <= ... < 4 years,2,male : single
0,0 <= ... < 10000 INR,24,existing credits paid back duly till now,radio/television,217550,unknown/ no savings account,1 <= ... < 4 years,1,female : divorced/separated/married
0,no checking account,12,critical account/ other credits existing (not at this bank),(vacation - does not exist?),35050,... < 5000 INR,1 <= ... < 4 years,4,male : single
0,< 0 INR,15,delay in paying off in the past,radio/television,182150,... < 5000 INR,.. >= 7 years,1,female : divorced/separated/married
1,0 <= ... < 10000 INR,30,critical account/ other credits existing (not at this bank),car (new),212450,... < 5000 INR,unemployed,4,male : married/widowed
1,< 0 INR,24,existing credits paid back duly till now,domestic appliances,96900,... < 5000 INR,... < 1 year ,4,male : divorced/separated
0,< 0 INR,24,existing credits paid back duly till now,car (used),145500,... < 5000 INR,4 <= ... < 7 years,2,male : single
0,< 0 INR,18,existing credits paid back duly till now,radio/television,132950,.. >= 50000 INR ,1 <= ... < 4 years,4,male : single
0,no checking account,18,critical account/ other credits existing (not at this bank),car (new),51400,... < 5000 INR,1 <= ... < 4 years,4,female : divorced/separated/married
0,< 0 INR,8,critical account/ other credits existing (not at this bank),car (new),169900,... < 5000 INR,4 <= ... < 7 years,1,male : single
0,no checking account,12,critical account/ other credits existing (not at this bank),radio/television,290050,unknown/ no savings account,.. >= 7 years,2,male : single
0,no checking account,24,existing credits paid back duly till now,car (new),76250,.. >= 50000 INR ,4 <= ... < 7 years,4,female : divorced/separated/married
0,>= 10000 INR / salary assignments for at least 1 year,36,existing credits paid back duly till now,domestic appliances,223650,... < 5000 INR,.. >= 7 years,4,male : single
0,0 <= ... < 10000 INR,6,existing credits paid back duly till now,domestic appliances,53400,... < 5000 INR,.. >= 7 years,4,male : single
0,< 0 INR,24,critical account/ other credits existing (not at this bank),car (used),330750,... < 5000 INR,unemployed,2,male : single
1,no checking account,18,critical account/ other credits existing (not at this bank),(vacation - does not exist?),93200,5000 <= ... < 25000 INR,1 <= ... < 4 years,4,female : divorced/separated/married
1,0 <= ... < 10000 INR,60,existing credits paid back duly till now,car (new),370400,5000 <= ... < 25000 INR,... < 1 year ,4,female : divorced/separated/married
1,no checking account,48,critical account/ other credits existing (not at this bank),car (used),579500,5000 <= ... < 25000 INR,1 <= ... < 4 years,2,female : divorced/separated/married
1,< 0 INR,24,no credits taken/ all credits paid back duly,radio/television,205500,... < 5000 INR,.. >= 7 years,3,male : single
1,< 0 INR,6,critical account/ other credits existing (not at this bank),radio/television,169200,... < 5000 INR,1 <= ... < 4 years,1,male : divorced/separated
0,0 <= ... < 10000 INR,13,existing credits paid back duly till now,domestic appliances,105050,... < 5000 INR,... < 1 year ,2,female : divorced/separated/married
1,< 0 INR,15,existing credits paid back duly till now,repairs,63750,unknown/ no savings account,1 <= ... < 4 years,4,female : divorced/separated/married
0,< 0 INR,24,existing credits paid back duly till now,radio/television,208450,... < 5000 INR,1 <= ... < 4 years,4,male : single
0,0 <= ... < 10000 INR,10,existing credits paid back duly till now,radio/television,76050,... < 5000 INR,1 <= ... < 4 years,4,male : divorced/separated
0,0 <= ... < 10000 INR,24,critical account/ other credits existing (not at this bank),(vacation - does not exist?),287150,... < 5000 INR,... < 1 year ,2,female : divorced/separated/married
0,< 0 INR,21,existing credits paid back duly till now,radio/television,179950,... < 5000 INR,4 <= ... < 7 years,1,female : divorced/separated/married
0,0 <= ... < 10000 INR,18,existing credits paid back duly till now,domestic appliances,160650,25000 <= ... < 50000 INR ,... < 1 year ,1,male : married/widowed
0,0 <= ... < 10000 INR,18,existing credits paid back duly till now,business,221950,... < 5000 INR,.. >= 7 years,1,male : single
0,>= 10000 INR / salary assignments for at least 1 year,10,existing credits paid back duly till now,car (new),197450,... < 5000 INR,... < 1 year ,1,male : single
0,no checking account,15,critical account/ other credits existing (not at this bank),domestic appliances,72950,... < 5000 INR,1 <= ... < 4 years,4,female : divorced/separated/married
0,0 <= ... < 10000 INR,13,critical account/ other credits existing (not at this bank),domestic appliances,44100,... < 5000 INR,... < 1 year ,4,male : single
0,0 <= ... < 10000 INR,24,existing credits paid back duly till now,domestic appliances,187900,25000 <= ... < 50000 INR ,unemployed,1,female : divorced/separated/married
0,no checking account,6,delay in paying off in the past,business,87150,5000 <= ... < 25000 INR,1 <= ... < 4 years,1,male : single
1,0 <= ... < 10000 INR,9,critical account/ other credits existing (not at this bank),(vacation - does not exist?),56800,.. >= 50000 INR ,.. >= 7 years,4,male : single
0,no checking account,9,existing credits paid back duly till now,repairs,61800,... < 5000 INR,... < 1 year ,1,female : divorced/separated/married
1,0 <= ... < 10000 INR,9,existing credits paid back duly till now,radio/television,47950,... < 5000 INR,1 <= ... < 4 years,1,female : divorced/separated/married
0,no checking account,18,critical account/ other credits existing (not at this bank),car (used),161450,unknown/ no savings account,unemployed,2,male : single
1,< 0 INR,12,no credits taken/ all credits paid back duly,domestic appliances,309950,... < 5000 INR,1 <= ... < 4 years,4,male : single
0,no checking account,10,existing credits paid back duly till now,(vacation - does not exist?),36350,25000 <= ... < 50000 INR ,.. >= 7 years,4,male : single
1,0 <= ... < 10000 INR,24,existing credits paid back duly till now,car (new),62300,... < 5000 INR,... < 1 year ,4,male : single
0,no checking account,12,critical account/ other credits existing (not at this bank),domestic appliances,116550,unknown/ no savings account,.. >= 7 years,1,male : single
1,no checking account,36,delay in paying off in the past,domestic appliances,223150,... < 5000 INR,1 <= ... < 4 years,4,male : single
0,no checking account,12,existing credits paid back duly till now,domestic appliances,38800,... < 5000 INR,1 <= ... < 4 years,4,male : married/widowed
1,< 0 INR,30,existing credits paid back duly till now,radio/television,120300,... < 5000 INR,4 <= ... < 7 years,4,female : divorced/separated/married
0,0 <= ... < 10000 INR,18,existing credits paid back duly till now,(vacation - does not exist?),61950,unknown/ no savings account,1 <= ... < 4 years,4,male : single
0,>= 10000 INR / salary assignments for at least 1 year,12,existing credits paid back duly till now,domestic appliances,169950,unknown/ no savings account,.. >= 7 years,2,male : single
0,>= 10000 INR / salary assignments for at least 1 year,12,delay in paying off in the past,car (new),112350,... < 5000 INR,1 <= ... < 4 years,2,female : divorced/separated/married
0,no checking account,6,existing credits paid back duly till now,radio/television,88300,... < 5000 INR,1 <= ... < 4 years,1,male : married/widowed
1,< 0 INR,18,existing credits paid back duly till now,radio/television,123650,... < 5000 INR,unemployed,4,male : single
0,no checking account,12,existing credits paid back duly till now,business,77100,... < 5000 INR,4 <= ... < 7 years,2,male : single
0,no checking account,18,critical account/ other credits existing (not at this bank),car (used),192500,... < 5000 INR,4 <= ... < 7 years,3,male : single
0,< 0 INR,18,existing credits paid back duly till now,radio/television,182500,... < 5000 INR,... < 1 year ,1,female : divorced/separated/married
1,< 0 INR,36,existing credits paid back duly till now,radio/television,172300,... < 5000 INR,.. >= 7 years,4,male : single
0,0 <= ... < 10000 INR,18,existing credits paid back duly till now,radio/television,150050,... < 5000 INR,4 <= ... < 7 years,2,female : divorced/separated/married
0,no checking account,36,existing credits paid back duly till now,car (new),153950,unknown/ no savings account,1 <= ... < 4 years,4,male : single
0,no checking account,18,critical account/ other credits existing (not at this bank),domestic appliances,303500,... < 5000 INR,.. >= 7 years,3,male : single
0,no checking account,10,critical account/ other credits existing (not at this bank),radio/television,107300,... < 5000 INR,... < 1 year ,1,female : divorced/separated/married
0,no checking account,60,critical account/ other credits existing (not at this bank),car (new),687800,unknown/ no savings account,.. >= 7 years,2,male : single
1,0 <= ... < 10000 INR,60,all credits at this bank paid back duly,furniture/equipment,739100,5000 <= ... < 25000 INR,.. >= 7 years,3,female : divorced/separated/married
1,< 0 INR,48,all credits at this bank paid back duly,business,384250,... < 5000 INR,4 <= ... < 7 years,2,female : divorced/separated/married
0,no checking account,18,delay in paying off in the past,domestic appliances,116000,... < 5000 INR,unemployed,2,male : married/widowed
0,no checking account,7,delay in paying off in the past,domestic appliances,42300,unknown/ no savings account,.. >= 7 years,3,male : single
1,0 <= ... < 10000 INR,36,existing credits paid back duly till now,car (new),715900,... < 5000 INR,.. >= 7 years,4,male : single
0,no checking account,6,critical account/ other credits existing (not at this bank),car (new),18100,5000 <= ... < 25000 INR,1 <= ... < 4 years,4,female : divorced/separated/married
0,< 0 INR,20,existing credits paid back duly till now,radio/television,110600,unknown/ no savings account,4 <= ... < 7 years,4,male : single
1,0 <= ... < 10000 INR,18,existing credits paid back duly till now,car (used),648800,... < 5000 INR,unemployed,3,female : divorced/separated/married
0,no checking account,22,existing credits paid back duly till now,car (new),64150,unknown/ no savings account,4 <= ... < 7 years,4,female : divorced/separated/married
0,>= 10000 INR / salary assignments for at least 1 year,12,existing credits paid back duly till now,car (new),66500,... < 5000 INR,... < 1 year ,4,male : single
0,no checking account,30,delay in paying off in the past,business,213600,5000 <= ... < 25000 INR,1 <= ... < 4 years,2,male : single
0,no checking account,18,critical account/ other credits existing (not at this bank),domestic appliances,111900,... < 5000 INR,1 <= ... < 4 years,2,female : divorced/separated/married
0,no checking account,18,existing credits paid back duly till now,domestic appliances,56300,unknown/ no savings account,... < 1 year ,4,female : divorced/separated/married
0,0 <= ... < 10000 INR,18,critical account/ other credits existing (not at this bank),radio/television,368700,... < 5000 INR,unemployed,4,male : single
0,0 <= ... < 10000 INR,15,critical account/ other credits existing (not at this bank),business,116300,25000 <= ... < 50000 INR ,1 <= ... < 4 years,2,male : single
0,no checking account,9,existing credits paid back duly till now,business,72450,... < 5000 INR,4 <= ... < 7 years,3,female : divorced/separated/married
0,no checking account,18,existing credits paid back duly till now,car (new),91000,... < 5000 INR,1 <= ... < 4 years,2,male : married/widowed
0,0 <= ... < 10000 INR,12,existing credits paid back duly till now,radio/television,49150,.. >= 50000 INR ,... < 1 year ,1,female : divorced/separated/married
0,< 0 INR,36,existing credits paid back duly till now,car (new),162450,... < 5000 INR,4 <= ... < 7 years,2,male : single
0,< 0 INR,6,critical account/ other credits existing (not at this bank),domestic appliances,97850,... < 5000 INR,4 <= ... < 7 years,1,female : divorced/separated/married
0,no checking account,9,critical account/ other credits existing (not at this bank),radio/television,120300,... < 5000 INR,unemployed,2,male : single
0,0 <= ... < 10000 INR,39,delay in paying off in the past,(vacation - does not exist?),588000,5000 <= ... < 25000 INR,4 <= ... < 7 years,2,male : single
0,< 0 INR,12,existing credits paid back duly till now,radio/television,128900,... < 5000 INR,unemployed,3,female : divorced/separated/married
0,< 0 INR,36,critical account/ other credits existing (not at this bank),radio/television,117400,... < 5000 INR,1 <= ... < 4 years,3,male : married/widowed
1,0 <= ... < 10000 INR,12,existing credits paid back duly till now,car (new),61150,... < 5000 INR,.. >= 7 years,1,male : divorced/separated
0,no checking account,24,critical account/ other credits existing (not at this bank),domestic appliances,75800,.. >= 50000 INR ,1 <= ... < 4 years,4,female : divorced/separated/married
0,no checking account,18,existing credits paid back duly till now,domestic appliances,73650,... < 5000 INR,... < 1 year ,3,male : married/widowed
0,0 <= ... < 10000 INR,18,critical account/ other credits existing (not at this bank),business,94350,unknown/ no savings account,1 <= ... < 4 years,4,male : married/widowed
1,no checking account,24,delay in paying off in the past,business,432400,... < 5000 INR,... < 1 year ,2,male : single
0,no checking account,14,delay in paying off in the past,car (new),40100,... < 5000 INR,1 <= ... < 4 years,4,male : single
0,0 <= ... < 10000 INR,18,delay in paying off in the past,car (new),144950,unknown/ no savings account,.. >= 7 years,4,male : single
1,0 <= ... < 10000 INR,24,existing credits paid back duly till now,domestic appliances,101950,... < 5000 INR,... < 1 year ,1,male : married/widowed
0,no checking account,24,critical account/ other credits existing (not at this bank),car (used),109850,unknown/ no savings account,4 <= ... < 7 years,4,male : single
0,< 0 INR,15,existing credits paid back duly till now,domestic appliances,52650,... < 5000 INR,... < 1 year ,4,male : married/widowed
0,no checking account,24,existing credits paid back duly till now,domestic appliances,161750,25000 <= ... < 50000 INR ,.. >= 7 years,3,male : divorced/separated
1,>= 10000 INR / salary assignments for at least 1 year,12,critical account/ other credits existing (not at this bank),car (new),46950,25000 <= ... < 50000 INR ,4 <= ... < 7 years,4,male : married/widowed
0,0 <= ... < 10000 INR,24,existing credits paid back duly till now,domestic appliances,98350,... < 5000 INR,.. >= 7 years,4,female : divorced/separated/married
0,no checking account,33,critical account/ other credits existing (not at this bank),car (used),362650,... < 5000 INR,4 <= ... < 7 years,3,male : single
1,no checking account,12,critical account/ other credits existing (not at this bank),business,114600,... < 5000 INR,unemployed,4,male : single
0,no checking account,10,existing credits paid back duly till now,car (new),79850,25000 <= ... < 50000 INR ,1 <= ... < 4 years,3,male : single
1,< 0 INR,24,existing credits paid back duly till now,car (new),69050,unknown/ no savings account,1 <= ... < 4 years,4,female : divorced/separated/married
0,no checking account,36,critical account/ other credits existing (not at this bank),car (used),292100,... < 5000 INR,.. >= 7 years,2,male : single
1,< 0 INR,12,existing credits paid back duly till now,car (new),128950,... < 5000 INR,... < 1 year ,4,male : single
0,< 0 INR,18,delay in paying off in the past,(vacation - does not exist?),423550,unknown/ no savings account,1 <= ... < 4 years,1,female : divorced/separated/married
0,no checking account,21,existing credits paid back duly till now,car (new),139100,25000 <= ... < 50000 INR ,4 <= ... < 7 years,1,female : divorced/separated/married
1,0 <= ... < 10000 INR,18,existing credits paid back duly till now,car (new),52100,unknown/ no savings account,1 <= ... < 4 years,4,female : divorced/separated/married
0,no checking account,15,existing credits paid back duly till now,car (new),159300,.. >= 50000 INR ,4 <= ... < 7 years,2,female : divorced/separated/married
0,0 <= ... < 10000 INR,12,existing credits paid back duly till now,car (used),101400,unknown/ no savings account,1 <= ... < 4 years,4,male : single
0,0 <= ... < 10000 INR,12,critical account/ other credits existing (not at this bank),car (new),47900,... < 5000 INR,4 <= ... < 7 years,2,male : single
0,no checking account,21,delay in paying off in the past,radio/television,79550,5000 <= ... < 25000 INR,4 <= ... < 7 years,4,male : single
1,0 <= ... < 10000 INR,12,existing credits paid back duly till now,radio/television,138100,unknown/ no savings account,.. >= 7 years,1,female : divorced/separated/married
0,0 <= ... < 10000 INR,18,existing credits paid back duly till now,car (used),138950,... < 5000 INR,1 <= ... < 4 years,1,male : married/widowed
0,no checking account,28,critical account/ other credits existing (not at this bank),domestic appliances,137150,... < 5000 INR,.. >= 7 years,4,male : single
0,no checking account,18,critical account/ other credits existing (not at this bank),domestic appliances,57450,.. >= 50000 INR ,1 <= ... < 4 years,4,male : single
0,no checking account,9,existing credits paid back duly till now,radio/television,65650,... < 5000 INR,.. >= 7 years,1,male : single
1,< 0 INR,18,critical account/ other credits existing (not at this bank),education,59500,... < 5000 INR,unemployed,2,female : divorced/separated/married
0,no checking account,5,existing credits paid back duly till now,business,172400,... < 5000 INR,4 <= ... < 7 years,1,male : single
1,0 <= ... < 10000 INR,24,existing credits paid back duly till now,furniture/equipment,566400,... < 5000 INR,1 <= ... < 4 years,2,male : single
0,< 0 INR,6,critical account/ other credits existing (not at this bank),radio/television,93600,... < 5000 INR,unemployed,4,male : single
0,no checking account,24,critical account/ other credits existing (not at this bank),education,102900,... < 5000 INR,1 <= ... < 4 years,4,male : divorced/separated
0,< 0 INR,9,existing credits paid back duly till now,radio/television,106800,... < 5000 INR,1 <= ... < 4 years,3,male : single
1,0 <= ... < 10000 INR,12,existing credits paid back duly till now,domestic appliances,74200,unknown/ no savings account,1 <= ... < 4 years,2,male : married/widowed
0,no checking account,6,existing credits paid back duly till now,education,33000,25000 <= ... < 50000 INR ,4 <= ... < 7 years,2,male : married/widowed
0,no checking account,24,critical account/ other credits existing (not at this bank),car (new),64350,.. >= 50000 INR ,.. >= 7 years,4,female : divorced/separated/married
0,< 0 INR,42,critical account/ other credits existing (not at this bank),education,169700,... < 5000 INR,unemployed,4,male : single
1,>= 10000 INR / salary assignments for at least 1 year,12,all credits at this bank paid back duly,business,30450,... < 5000 INR,... < 1 year ,4,female : divorced/separated/married
0,no checking account,12,existing credits paid back duly till now,car (new),94200,... < 5000 INR,.. >= 7 years,4,male : single
0,< 0 INR,12,existing credits paid back duly till now,radio/television,81000,... < 5000 INR,1 <= ... < 4 years,2,female : divorced/separated/married
0,0 <= ... < 10000 INR,20,delay in paying off in the past,furniture/equipment,131450,... < 5000 INR,1 <= ... < 4 years,2,male : single
1,no checking account,12,existing credits paid back duly till now,(vacation - does not exist?),35950,... < 5000 INR,.. >= 7 years,4,male : single
1,0 <= ... < 10000 INR,48,critical account/ other credits existing (not at this bank),radio/television,254800,... < 5000 INR,1 <= ... < 4 years,2,female : divorced/separated/married
0,no checking account,9,critical account/ other credits existing (not at this bank),(vacation - does not exist?),62200,unknown/ no savings account,.. >= 7 years,4,female : divorced/separated/married
1,< 0 INR,36,existing credits paid back duly till now,car (new),92100,... < 5000 INR,... < 1 year ,4,female : divorced/separated/married
0,0 <= ... < 10000 INR,7,existing credits paid back duly till now,domestic appliances,128800,... < 5000 INR,1 <= ... < 4 years,2,male : single
0,>= 10000 INR / salary assignments for at least 1 year,12,existing credits paid back duly till now,radio/television,71200,unknown/ no savings account,.. >= 7 years,3,female : divorced/separated/married
1,0 <= ... < 10000 INR,15,delay in paying off in the past,education,75600,.. >= 50000 INR ,1 <= ... < 4 years,3,male : married/widowed
0,no checking account,36,critical account/ other credits existing (not at this bank),car (used),552700,unknown/ no savings account,1 <= ... < 4 years,4,male : single
0,no checking account,6,existing credits paid back duly till now,domestic appliances,25900,... < 5000 INR,1 <= ... < 4 years,3,female : divorced/separated/married
0,no checking account,12,no credits taken/ all credits paid back duly,radio/television,137950,... < 5000 INR,.. >= 7 years,2,male : single
0,no checking account,24,existing credits paid back duly till now,car (used),133500,... < 5000 INR,.. >= 7 years,4,male : single
1,< 0 INR,24,existing credits paid back duly till now,car (new),240850,... < 5000 INR,4 <= ... < 7 years,2,male : single
0,no checking account,24,existing credits paid back duly till now,car (used),133950,... < 5000 INR,... < 1 year ,4,female : divorced/separated/married
0,< 0 INR,11,critical account/ other credits existing (not at this bank),car (new),195250,... < 5000 INR,1 <= ... < 4 years,2,male : single
1,< 0 INR,12,existing credits paid back duly till now,car (used),169300,... < 5000 INR,.. >= 7 years,3,male : single
0,< 0 INR,6,existing credits paid back duly till now,repairs,17150,... < 5000 INR,... < 1 year ,4,female : divorced/separated/married
0,no checking account,18,existing credits paid back duly till now,domestic appliances,229700,... < 5000 INR,... < 1 year ,3,male : single
0,< 0 INR,36,existing credits paid back duly till now,radio/television,181000,... < 5000 INR,1 <= ... < 4 years,1,male : single
0,< 0 INR,15,existing credits paid back duly till now,car (new),86050,... < 5000 INR,... < 1 year ,2,male : single
0,0 <= ... < 10000 INR,12,existing credits paid back duly till now,radio/television,150850,... < 5000 INR,... < 1 year ,3,female : divorced/separated/married
0,0 <= ... < 10000 INR,12,existing credits paid back duly till now,retraining,37700,unknown/ no savings account,.. >= 7 years,4,male : single
0,no checking account,18,existing credits paid back duly till now,business,97500,... < 5000 INR,4 <= ... < 7 years,4,male : single
0,< 0 INR,24,existing credits paid back duly till now,car (used),146200,... < 5000 INR,1 <= ... < 4 years,3,male : single
1,< 0 INR,24,delay in paying off in the past,domestic appliances,82950,... < 5000 INR,... < 1 year ,4,female : divorced/separated/married
0,no checking account,48,delay in paying off in the past,domestic appliances,361900,unknown/ no savings account,.. >= 7 years,3,male : single
0,no checking account,33,delay in paying off in the past,business,138200,... < 5000 INR,1 <= ... < 4 years,2,female : divorced/separated/married
0,no checking account,24,delay in paying off in the past,car (used),233950,... < 5000 INR,4 <= ... < 7 years,3,male : single
1,0 <= ... < 10000 INR,24,existing credits paid back duly till now,domestic appliances,154600,5000 <= ... < 25000 INR,... < 1 year ,3,male : married/widowed
1,< 0 INR,6,existing credits paid back duly till now,(vacation - does not exist?),22400,... < 5000 INR,... < 1 year ,4,female : divorced/separated/married
1,< 0 INR,9,existing credits paid back duly till now,car (new),32700,... < 5000 INR,1 <= ... < 4 years,4,male : single
0,no checking account,6,existing credits paid back duly till now,retraining,61900,unknown/ no savings account,unemployed,4,male : single
1,0 <= ... < 10000 INR,18,critical account/ other credits existing (not at this bank),domestic appliances,62250,... < 5000 INR,1 <= ... < 4 years,4,male : married/widowed
1,< 0 INR,18,no credits taken/ all credits paid back duly,radio/television,155700,... < 5000 INR,... < 1 year ,1,female : divorced/separated/married
0,no checking account,39,existing credits paid back duly till now,car (used),128450,25000 <= ... < 50000 INR ,1 <= ... < 4 years,4,male : single
0,>= 10000 INR / salary assignments for at least 1 year,24,existing credits paid back duly till now,domestic appliances,257600,... < 5000 INR,4 <= ... < 7 years,4,male : single
0,0 <= ... < 10000 INR,12,existing credits paid back duly till now,business,51850,5000 <= ... < 25000 INR,4 <= ... < 7 years,3,male : single
0,< 0 INR,15,critical account/ other credits existing (not at this bank),radio/television,73900,... < 5000 INR,.. >= 7 years,4,male : single
0,0 <= ... < 10000 INR,12,critical account/ other credits existing (not at this bank),domestic appliances,178650,... < 5000 INR,1 <= ... < 4 years,1,female : divorced/separated/married
0,0 <= ... < 10000 INR,24,existing credits paid back duly till now,car (new),60050,... < 5000 INR,... < 1 year ,4,male : single
0,< 0 INR,30,existing credits paid back duly till now,radio/television,181100,.. >= 50000 INR ,.. >= 7 years,4,female : divorced/separated/married
0,no checking account,15,delay in paying off in the past,radio/television,48000,.. >= 50000 INR ,4 <= ... < 7 years,3,female : divorced/separated/married
0,no checking account,12,critical account/ other credits existing (not at this bank),car (new),58150,25000 <= ... < 50000 INR ,1 <= ... < 4 years,4,male : single
1,0 <= ... < 10000 INR,6,delay in paying off in the past,car (new),60450,... < 5000 INR,unemployed,4,male : single
0,no checking account,12,existing credits paid back duly till now,domestic appliances,153850,... < 5000 INR,1 <= ... < 4 years,2,male : single
0,no checking account,24,existing credits paid back duly till now,car (new),187850,... < 5000 INR,.. >= 7 years,4,female : divorced/separated/married
0,no checking account,10,existing credits paid back duly till now,car (new),70900,5000 <= ... < 25000 INR,1 <= ... < 4 years,3,male : single
0,no checking account,6,existing credits paid back duly till now,car (new),175900,... < 5000 INR,1 <= ... < 4 years,2,male : single
0,no checking account,12,critical account/ other credits existing (not at this bank),domestic appliances,96700,... < 5000 INR,.. >= 7 years,2,male : single
1,0 <= ... < 10000 INR,27,no credits taken/ all credits paid back duly,business,415900,... < 5000 INR,.. >= 7 years,2,female : divorced/separated/married
0,no checking account,6,critical account/ other credits existing (not at this bank),domestic appliances,61850,5000 <= ... < 25000 INR,1 <= ... < 4 years,1,female : divorced/separated/married
0,0 <= ... < 10000 INR,6,existing credits paid back duly till now,domestic appliances,18400,unknown/ no savings account,.. >= 7 years,4,male : single
0,< 0 INR,12,critical account/ other credits existing (not at this bank),car (new),106100,... < 5000 INR,1 <= ... < 4 years,3,male : single
1,< 0 INR,24,existing credits paid back duly till now,radio/television,149800,unknown/ no savings account,1 <= ... < 4 years,2,male : married/widowed
1,0 <= ... < 10000 INR,36,existing credits paid back duly till now,radio/television,451700,5000 <= ... < 25000 INR,... < 1 year ,4,male : single
0,no checking account,24,critical account/ other credits existing (not at this bank),radio/television,79250,... < 5000 INR,4 <= ... < 7 years,4,male : single
0,0 <= ... < 10000 INR,18,existing credits paid back duly till now,domestic appliances,65050,... < 5000 INR,.. >= 7 years,4,male : married/widowed
0,>= 10000 INR / salary assignments for at least 1 year,6,critical account/ other credits existing (not at this bank),car (new),66150,5000 <= ... < 25000 INR,.. >= 7 years,2,male : divorced/separated
1,< 0 INR,24,existing credits paid back duly till now,car (new),156150,... < 5000 INR,... < 1 year ,4,female : divorced/separated/married
0,< 0 INR,36,existing credits paid back duly till now,car (used),274650,... < 5000 INR,.. >= 7 years,2,male : single
0,>= 10000 INR / salary assignments for at least 1 year,9,existing credits paid back duly till now,domestic appliances,56300,5000 <= ... < 25000 INR,.. >= 7 years,2,male : divorced/separated
1,0 <= ... < 10000 INR,24,critical account/ other credits existing (not at this bank),domestic appliances,60800,5000 <= ... < 25000 INR,... < 1 year ,4,male : single
1,< 0 INR,24,existing credits paid back duly till now,car (new),60350,... < 5000 INR,... < 1 year ,4,female : divorced/separated/married
1,no checking account,10,existing credits paid back duly till now,car (new),65450,unknown/ no savings account,1 <= ... < 4 years,4,male : single
0,>= 10000 INR / salary assignments for at least 1 year,15,critical account/ other credits existing (not at this bank),car (used),118000,25000 <= ... < 50000 INR ,1 <= ... < 4 years,2,male : single
1,0 <= ... < 10000 INR,15,all credits at this bank paid back duly,car (new),342500,5000 <= ... < 25000 INR,unemployed,1,male : single
0,no checking account,24,existing credits paid back duly till now,domestic appliances,70650,... < 5000 INR,1 <= ... < 4 years,4,male : married/widowed
0,no checking account,39,existing credits paid back duly till now,car (used),429400,5000 <= ... < 25000 INR,.. >= 7 years,4,male : single
1,< 0 INR,12,existing credits paid back duly till now,car (new),37950,... < 5000 INR,4 <= ... < 7 years,4,male : single
0,no checking account,36,existing credits paid back duly till now,car (used),234300,... < 5000 INR,1 <= ... < 4 years,2,male : single
0,>= 10000 INR / salary assignments for at least 1 year,15,existing credits paid back duly till now,business,134350,... < 5000 INR,4 <= ... < 7 years,2,male : single
0,0 <= ... < 10000 INR,12,delay in paying off in the past,domestic appliances,29250,... < 5000 INR,1 <= ... < 4 years,4,male : married/widowed
0,no checking account,24,existing credits paid back duly till now,car (new),112750,unknown/ no savings account,... < 1 year ,4,male : single
0,< 0 INR,6,critical account/ other credits existing (not at this bank),car (new),30450,... < 5000 INR,4 <= ... < 7 years,4,female : divorced/separated/married
0,< 0 INR,6,critical account/ other credits existing (not at this bank),car (new),68050,... < 5000 INR,... < 1 year ,2,male : single
1,no checking account,36,critical account/ other credits existing (not at this bank),radio/television,356350,... < 5000 INR,... < 1 year ,2,female : divorced/separated/married
0,< 0 INR,6,existing credits paid back duly till now,car (new),60150,5000 <= ... < 25000 INR,.. >= 7 years,3,male : single
0,no checking account,6,critical account/ other credits existing (not at this bank),domestic appliances,35000,unknown/ no savings account,.. >= 7 years,4,male : single
0,no checking account,24,critical account/ other credits existing (not at this bank),education,275350,... < 5000 INR,.. >= 7 years,3,male : single
1,< 0 INR,18,existing credits paid back duly till now,domestic appliances,159500,... < 5000 INR,1 <= ... < 4 years,2,female : divorced/separated/married
1,< 0 INR,48,no credits taken/ all credits paid back duly,radio/television,355950,... < 5000 INR,1 <= ... < 4 years,3,male : single
0,no checking account,24,existing credits paid back duly till now,car (used),174400,5000 <= ... < 25000 INR,4 <= ... < 7 years,3,female : divorced/separated/married
0,0 <= ... < 10000 INR,18,existing credits paid back duly till now,domestic appliances,55650,... < 5000 INR,1 <= ... < 4 years,4,female : divorced/separated/married
0,0 <= ... < 10000 INR,26,existing credits paid back duly till now,car (used),398300,... < 5000 INR,... < 1 year ,2,male : single
0,no checking account,15,critical account/ other credits existing (not at this bank),(vacation - does not exist?),76600,5000 <= ... < 25000 INR,1 <= ... < 4 years,4,female : divorced/separated/married
0,no checking account,4,critical account/ other credits existing (not at this bank),domestic appliances,75150,... < 5000 INR,4 <= ... < 7 years,2,male : single
1,< 0 INR,36,existing credits paid back duly till now,domestic appliances,115100,... < 5000 INR,1 <= ... < 4 years,4,male : divorced/separated
0,< 0 INR,6,existing credits paid back duly till now,car (new),33100,... < 5000 INR,... < 1 year ,3,male : single
0,0 <= ... < 10000 INR,36,existing credits paid back duly till now,(vacation - does not exist?),113650,... < 5000 INR,4 <= ... < 7 years,3,male : single
1,0 <= ... < 10000 INR,15,existing credits paid back duly till now,car (new),131550,5000 <= ... < 25000 INR,1 <= ... < 4 years,2,female : divorced/separated/married
0,no checking account,12,delay in paying off in the past,car (used),75150,... < 5000 INR,1 <= ... < 4 years,4,male : married/widowed
0,no checking account,24,existing credits paid back duly till now,domestic appliances,65550,5000 <= ... < 25000 INR,4 <= ... < 7 years,4,male : married/widowed
0,no checking account,24,existing credits paid back duly till now,domestic appliances,155250,unknown/ no savings account,... < 1 year ,4,male : single
1,>= 10000 INR / salary assignments for at least 1 year,21,critical account/ other credits existing (not at this bank),(vacation - does not exist?),115950,... < 5000 INR,... < 1 year ,2,male : divorced/separated
0,< 0 INR,6,existing credits paid back duly till now,car (new),68700,unknown/ no savings account,unemployed,4,female : divorced/separated/married
0,0 <= ... < 10000 INR,18,critical account/ other credits existing (not at this bank),radio/television,180600,... < 5000 INR,.. >= 7 years,3,female : divorced/separated/married
1,< 0 INR,48,existing credits paid back duly till now,car (new),388150,... < 5000 INR,.. >= 7 years,4,male : single
0,>= 10000 INR / salary assignments for at least 1 year,18,existing credits paid back duly till now,radio/television,152450,... < 5000 INR,... < 1 year ,1,female : divorced/separated/married
1,0 <= ... < 10000 INR,12,existing credits paid back duly till now,domestic appliances,76700,... < 5000 INR,... < 1 year ,1,male : married/widowed
0,no checking account,24,delay in paying off in the past,car (new),101600,... < 5000 INR,.. >= 7 years,4,male : single
1,< 0 INR,30,existing credits paid back duly till now,radio/television,317500,unknown/ no savings account,.. >= 7 years,4,male : single
1,>= 10000 INR / salary assignments for at least 1 year,18,existing credits paid back duly till now,radio/television,143200,... < 5000 INR,1 <= ... < 4 years,2,male : single
0,no checking account,12,critical account/ other credits existing (not at this bank),car (new),62750,... < 5000 INR,.. >= 7 years,4,male : single
1,< 0 INR,24,delay in paying off in the past,car (new),66650,... < 5000 INR,unemployed,4,male : single
0,no checking account,24,critical account/ other credits existing (not at this bank),car (new),101100,... < 5000 INR,1 <= ... < 4 years,4,female : divorced/separated/married
0,no checking account,24,existing credits paid back duly till now,domestic appliances,77600,... < 5000 INR,4 <= ... < 7 years,3,male : single
1,< 0 INR,12,all credits at this bank paid back duly,domestic appliances,31300,... < 5000 INR,1 <= ... < 4 years,4,female : divorced/separated/married
0,no checking account,48,critical account/ other credits existing (not at this bank),car (used),442900,unknown/ no savings account,4 <= ... < 7 years,2,male : single
0,no checking account,12,critical account/ other credits existing (not at this bank),education,49800,unknown/ no savings account,4 <= ... < 7 years,4,female : divorced/separated/married
0,no checking account,6,all credits at this bank paid back duly,domestic appliances,87500,25000 <= ... < 50000 INR ,.. >= 7 years,2,male : single
1,< 0 INR,48,existing credits paid back duly till now,domestic appliances,349950,... < 5000 INR,4 <= ... < 7 years,1,male : married/widowed
0,0 <= ... < 10000 INR,12,critical account/ other credits existing (not at this bank),car (new),99750,5000 <= ... < 25000 INR,... < 1 year ,4,male : single
0,0 <= ... < 10000 INR,9,existing credits paid back duly till now,(vacation - does not exist?),59950,... < 5000 INR,4 <= ... < 7 years,4,female : divorced/separated/married
1,0 <= ... < 10000 INR,12,existing credits paid back duly till now,domestic appliances,66550,... < 5000 INR,... < 1 year ,2,male : single
1,0 <= ... < 10000 INR,18,no credits taken/ all credits paid back duly,car (new),113900,5000 <= ... < 25000 INR,... < 1 year ,3,female : divorced/separated/married
1,no checking account,21,no credits taken/ all credits paid back duly,car (new),250150,unknown/ no savings account,1 <= ... < 4 years,1,female : divorced/separated/married
1,< 0 INR,24,all credits at this bank paid back duly,radio/television,177600,... < 5000 INR,4 <= ... < 7 years,3,male : single
1,0 <= ... < 10000 INR,18,critical account/ other credits existing (not at this bank),radio/television,96400,... < 5000 INR,... < 1 year ,2,male : single
0,< 0 INR,24,existing credits paid back duly till now,car (used),148200,unknown/ no savings account,.. >= 7 years,4,male : single
1,< 0 INR,24,all credits at this bank paid back duly,domestic appliances,77300,... < 5000 INR,4 <= ... < 7 years,4,male : single
0,>= 10000 INR / salary assignments for at least 1 year,6,delay in paying off in the past,domestic appliances,34150,... < 5000 INR,... < 1 year ,2,female : divorced/separated/married
1,0 <= ... < 10000 INR,36,existing credits paid back duly till now,car (new),619450,unknown/ no savings account,1 <= ... < 4 years,1,male : single
0,0 <= ... < 10000 INR,24,delay in paying off in the past,business,235600,unknown/ no savings account,1 <= ... < 4 years,4,male : single
0,0 <= ... < 10000 INR,24,delay in paying off in the past,domestic appliances,77650,5000 <= ... < 25000 INR,4 <= ... < 7 years,3,female : divorced/separated/married
1,< 0 INR,12,existing credits paid back duly till now,car (new),68600,... < 5000 INR,4 <= ... < 7 years,2,male : divorced/separated
0,no checking account,24,critical account/ other credits existing (not at this bank),domestic appliances,128900,.. >= 50000 INR ,.. >= 7 years,2,male : single
0,0 <= ... < 10000 INR,48,existing credits paid back duly till now,domestic appliances,198950,unknown/ no savings account,4 <= ... < 7 years,4,male : single
1,< 0 INR,48,existing credits paid back duly till now,domestic appliances,337900,... < 5000 INR,1 <= ... < 4 years,3,female : divorced/separated/married
1,< 0 INR,24,existing credits paid back duly till now,radio/television,161700,... < 5000 INR,... < 1 year ,4,female : divorced/separated/married
0,no checking account,30,critical account/ other credits existing (not at this bank),domestic appliances,297700,... < 5000 INR,4 <= ... < 7 years,3,male : single
0,no checking account,24,existing credits paid back duly till now,car (used),271650,unknown/ no savings account,unemployed,2,female : divorced/separated/married
0,< 0 INR,15,existing credits paid back duly till now,business,40300,... < 5000 INR,1 <= ... < 4 years,4,female : divorced/separated/married
0,0 <= ... < 10000 INR,9,existing credits paid back duly till now,domestic appliances,54100,... < 5000 INR,.. >= 7 years,4,male : single
0,no checking account,15,critical account/ other credits existing (not at this bank),radio/television,139400,... < 5000 INR,4 <= ... < 7 years,2,female : divorced/separated/married
0,0 <= ... < 10000 INR,12,existing credits paid back duly till now,domestic appliances,146500,... < 5000 INR,4 <= ... < 7 years,2,female : divorced/separated/married
0,no checking account,24,critical account/ other credits existing (not at this bank),(vacation - does not exist?),96350,unknown/ no savings account,1 <= ... < 4 years,3,female : divorced/separated/married
1,0 <= ... < 10000 INR,36,critical account/ other credits existing (not at this bank),car (new),141000,... < 5000 INR,... < 1 year ,4,male : divorced/separated
0,no checking account,24,existing credits paid back duly till now,retraining,46850,... < 5000 INR,... < 1 year ,4,male : married/widowed
1,0 <= ... < 10000 INR,18,critical account/ other credits existing (not at this bank),car (new),52800,... < 5000 INR,.. >= 7 years,3,male : single
0,0 <= ... < 10000 INR,12,critical account/ other credits existing (not at this bank),car (new),156200,... < 5000 INR,... < 1 year ,1,male : single
0,no checking account,9,existing credits paid back duly till now,radio/television,69400,... < 5000 INR,1 <= ... < 4 years,4,female : divorced/separated/married
1,0 <= ... < 10000 INR,36,existing credits paid back duly till now,education,119200,... < 5000 INR,... < 1 year ,4,male : single
0,no checking account,12,existing credits paid back duly till now,car (new),106650,unknown/ no savings account,.. >= 7 years,4,female : divorced/separated/married
1,< 0 INR,18,existing credits paid back duly till now,radio/television,101950,... < 5000 INR,1 <= ... < 4 years,1,female : divorced/separated/married
0,< 0 INR,9,critical account/ other credits existing (not at this bank),car (new),139950,... < 5000 INR,1 <= ... < 4 years,2,male : single
0,< 0 INR,12,existing credits paid back duly till now,radio/television,64450,... < 5000 INR,1 <= ... < 4 years,4,male : single
1,< 0 INR,18,existing credits paid back duly till now,repairs,60850,... < 5000 INR,1 <= ... < 4 years,4,male : married/widowed
1,< 0 INR,12,critical account/ other credits existing (not at this bank),radio/television,112300,... < 5000 INR,.. >= 7 years,3,male : single
0,< 0 INR,12,critical account/ other credits existing (not at this bank),domestic appliances,19250,... < 5000 INR,4 <= ... < 7 years,4,female : divorced/separated/married
0,0 <= ... < 10000 INR,24,delay in paying off in the past,car (new),98250,unknown/ no savings account,1 <= ... < 4 years,4,female : divorced/separated/married
0,no checking account,21,existing credits paid back duly till now,business,78600,.. >= 50000 INR ,.. >= 7 years,4,female : divorced/separated/married
1,0 <= ... < 10000 INR,24,existing credits paid back duly till now,car (new),135900,... < 5000 INR,1 <= ... < 4 years,3,female : divorced/separated/married
1,< 0 INR,24,all credits at this bank paid back duly,furniture/equipment,67900,unknown/ no savings account,.. >= 7 years,4,male : single
1,0 <= ... < 10000 INR,6,all credits at this bank paid back duly,car (new),46550,5000 <= ... < 25000 INR,... < 1 year ,1,female : divorced/separated/married
1,< 0 INR,24,existing credits paid back duly till now,car (new),72100,... < 5000 INR,4 <= ... < 7 years,4,female : divorced/separated/married
1,0 <= ... < 10000 INR,24,no credits taken/ all credits paid back duly,business,212050,... < 5000 INR,1 <= ... < 4 years,1,male : single
1,no checking account,18,critical account/ other credits existing (not at this bank),car (new),138750,... < 5000 INR,4 <= ... < 7 years,2,male : single
0,no checking account,24,delay in paying off in the past,business,193150,... < 5000 INR,1 <= ... < 4 years,1,male : single
0,0 <= ... < 10000 INR,7,existing credits paid back duly till now,domestic appliances,116450,... < 5000 INR,... < 1 year ,1,female : divorced/separated/married
1,0 <= ... < 10000 INR,9,existing credits paid back duly till now,radio/television,45900,... < 5000 INR,1 <= ... < 4 years,4,female : divorced/separated/married
1,0 <= ... < 10000 INR,24,all credits at this bank paid back duly,(vacation - does not exist?),91850,... < 5000 INR,4 <= ... < 7 years,4,female : divorced/separated/married
1,no checking account,36,existing credits paid back duly till now,radio/television,167450,... < 5000 INR,1 <= ... < 4 years,4,female : divorced/separated/married
0,>= 10000 INR / salary assignments for at least 1 year,10,existing credits paid back duly till now,radio/television,63750,... < 5000 INR,... < 1 year ,4,female : divorced/separated/married
0,< 0 INR,24,all credits at this bank paid back duly,radio/television,141400,25000 <= ... < 50000 INR ,1 <= ... < 4 years,4,male : single
0,no checking account,24,critical account/ other credits existing (not at this bank),business,226300,... < 5000 INR,1 <= ... < 4 years,3,male : single
1,0 <= ... < 10000 INR,36,existing credits paid back duly till now,domestic appliances,133550,5000 <= ... < 25000 INR,1 <= ... < 4 years,4,female : divorced/separated/married
0,no checking account,18,existing credits paid back duly till now,domestic appliances,102550,... < 5000 INR,... < 1 year ,4,male : single
0,no checking account,15,existing credits paid back duly till now,car (used),65000,unknown/ no savings account,.. >= 7 years,4,male : single
1,< 0 INR,12,existing credits paid back duly till now,repairs,37050,5000 <= ... < 25000 INR,unemployed,4,female : divorced/separated/married
1,>= 10000 INR / salary assignments for at least 1 year,10,existing credits paid back duly till now,car (new),62000,5000 <= ... < 25000 INR,.. >= 7 years,1,female : divorced/separated/married
0,< 0 INR,21,existing credits paid back duly till now,domestic appliances,167850,.. >= 50000 INR ,... < 1 year ,4,female : divorced/separated/married
0,< 0 INR,24,all credits at this bank paid back duly,car (used),181600,... < 5000 INR,1 <= ... < 4 years,1,female : divorced/separated/married
1,no checking account,18,delay in paying off in the past,radio/television,90400,... < 5000 INR,4 <= ... < 7 years,4,female : divorced/separated/married
0,0 <= ... < 10000 INR,48,no credits taken/ all credits paid back duly,business,610200,unknown/ no savings account,1 <= ... < 4 years,2,male : single
0,0 <= ... < 10000 INR,60,delay in paying off in the past,domestic appliances,457850,unknown/ no savings account,1 <= ... < 4 years,2,male : single
0,< 0 INR,6,critical account/ other credits existing (not at this bank),car (new),183800,... < 5000 INR,1 <= ... < 4 years,1,male : single
1,0 <= ... < 10000 INR,30,existing credits paid back duly till now,radio/television,172050,5000 <= ... < 25000 INR,1 <= ... < 4 years,2,female : divorced/separated/married
0,no checking account,12,existing credits paid back duly till now,car (new),32000,... < 5000 INR,1 <= ... < 4 years,4,male : divorced/separated
0,0 <= ... < 10000 INR,21,critical account/ other credits existing (not at this bank),business,182600,... < 5000 INR,4 <= ... < 7 years,2,male : single
1,no checking account,18,critical account/ other credits existing (not at this bank),car (new),76500,... < 5000 INR,1 <= ... < 4 years,3,male : single
1,no checking account,48,existing credits paid back duly till now,business,195700,unknown/ no savings account,1 <= ... < 4 years,4,male : divorced/separated
0,< 0 INR,12,existing credits paid back duly till now,radio/television,92900,... < 5000 INR,... < 1 year ,4,female : divorced/separated/married
1,< 0 INR,18,existing credits paid back duly till now,domestic appliances,130000,... < 5000 INR,1 <= ... < 4 years,4,male : single
0,no checking account,15,existing credits paid back duly till now,domestic appliances,98950,unknown/ no savings account,.. >= 7 years,4,male : single
0,>= 10000 INR / salary assignments for at least 1 year,6,existing credits paid back duly till now,radio/television,105800,... < 5000 INR,1 <= ... < 4 years,2,male : single
1,0 <= ... < 10000 INR,9,all credits at this bank paid back duly,car (new),71850,5000 <= ... < 25000 INR,4 <= ... < 7 years,2,male : single
0,no checking account,42,critical account/ other credits existing (not at this bank),radio/television,202100,25000 <= ... < 50000 INR ,1 <= ... < 4 years,4,male : single
0,no checking account,9,existing credits paid back duly till now,(vacation - does not exist?),191600,unknown/ no savings account,.. >= 7 years,1,male : single
0,< 0 INR,24,existing credits paid back duly till now,domestic appliances,183000,... < 5000 INR,1 <= ... < 4 years,2,female : divorced/separated/married
1,< 0 INR,18,all credits at this bank paid back duly,radio/television,77650,... < 5000 INR,1 <= ... < 4 years,4,male : single
0,0 <= ... < 10000 INR,15,existing credits paid back duly till now,domestic appliances,72200,unknown/ no savings account,... < 1 year ,4,male : single
1,no checking account,9,existing credits paid back duly till now,radio/television,99000,... < 5000 INR,... < 1 year ,2,female : divorced/separated/married
1,0 <= ... < 10000 INR,24,existing credits paid back duly till now,car (new),67750,... < 5000 INR,... < 1 year ,3,female : divorced/separated/married
0,no checking account,12,existing credits paid back duly till now,(vacation - does not exist?),69650,... < 5000 INR,.. >= 7 years,4,male : single
0,no checking account,24,existing credits paid back duly till now,domestic appliances,68800,25000 <= ... < 50000 INR ,4 <= ... < 7 years,4,female : divorced/separated/married
0,no checking account,60,delay in paying off in the past,domestic appliances,782650,... < 5000 INR,4 <= ... < 7 years,2,male : single
0,no checking account,12,existing credits paid back duly till now,domestic appliances,74650,... < 5000 INR,... < 1 year ,4,female : divorced/separated/married
1,< 0 INR,42,delay in paying off in the past,domestic appliances,218500,... < 5000 INR,4 <= ... < 7 years,3,male : single
1,< 0 INR,18,existing credits paid back duly till now,(vacation - does not exist?),37500,... < 5000 INR,unemployed,4,female : divorced/separated/married
0,0 <= ... < 10000 INR,15,existing credits paid back duly till now,education,65400,... < 5000 INR,.. >= 7 years,4,male : single
1,no checking account,15,existing credits paid back duly till now,(vacation - does not exist?),231150,5000 <= ... < 25000 INR,1 <= ... < 4 years,3,male : single
0,no checking account,24,critical account/ other credits existing (not at this bank),domestic appliances,92550,... < 5000 INR,4 <= ... < 7 years,4,male : married/widowed
0,< 0 INR,18,critical account/ other credits existing (not at this bank),domestic appliances,94000,... < 5000 INR,4 <= ... < 7 years,4,male : married/widowed
1,no checking account,36,delay in paying off in the past,business,399000,unknown/ no savings account,... < 1 year ,4,male : single
0,< 0 INR,30,no credits taken/ all credits paid back duly,radio/television,229150,... < 5000 INR,1 <= ... < 4 years,2,male : divorced/separated
1,no checking account,12,existing credits paid back duly till now,car (new),69300,25000 <= ... < 50000 INR ,1 <= ... < 4 years,2,female : divorced/separated/married
1,>= 10000 INR / salary assignments for at least 1 year,24,existing credits paid back duly till now,car (new),47350,... < 5000 INR,4 <= ... < 7 years,4,male : single
1,< 0 INR,12,existing credits paid back duly till now,(vacation - does not exist?),34200,... < 5000 INR,1 <= ... < 4 years,4,male : single
0,< 0 INR,48,existing credits paid back duly till now,(vacation - does not exist?),373800,... < 5000 INR,4 <= ... < 7 years,4,male : single
1,0 <= ... < 10000 INR,12,existing credits paid back duly till now,radio/television,96100,... < 5000 INR,1 <= ... < 4 years,4,male : single
1,< 0 INR,24,existing credits paid back duly till now,car (new),115150,... < 5000 INR,.. >= 7 years,4,male : single
1,0 <= ... < 10000 INR,36,delay in paying off in the past,car (new),404300,5000 <= ... < 25000 INR,.. >= 7 years,2,male : single
0,no checking account,24,critical account/ other credits existing (not at this bank),car (used),117300,... < 5000 INR,4 <= ... < 7 years,4,male : single
0,< 0 INR,14,existing credits paid back duly till now,car (new),198650,... < 5000 INR,unemployed,1,male : single
1,0 <= ... < 10000 INR,12,existing credits paid back duly till now,car (new),44400,... < 5000 INR,.. >= 7 years,4,male : single
0,no checking account,48,existing credits paid back duly till now,domestic appliances,511100,unknown/ no savings account,4 <= ... < 7 years,4,male : single
0,0 <= ... < 10000 INR,30,no credits taken/ all credits paid back duly,business,211050,... < 5000 INR,1 <= ... < 4 years,2,female : divorced/separated/married
0,0 <= ... < 10000 INR,18,critical account/ other credits existing (not at this bank),radio/television,318050,... < 5000 INR,.. >= 7 years,2,male : single
0,>= 10000 INR / salary assignments for at least 1 year,12,existing credits paid back duly till now,domestic appliances,64850,... < 5000 INR,1 <= ... < 4 years,3,male : married/widowed
1,< 0 INR,12,existing credits paid back duly till now,car (new),45000,unknown/ no savings account,1 <= ... < 4 years,4,male : married/widowed
0,no checking account,21,existing credits paid back duly till now,radio/television,112050,... < 5000 INR,.. >= 7 years,4,male : single
0,0 <= ... < 10000 INR,6,delay in paying off in the past,radio/television,52500,... < 5000 INR,unemployed,4,male : single
0,>= 10000 INR / salary assignments for at least 1 year,6,critical account/ other credits existing (not at this bank),(vacation - does not exist?),52350,... < 5000 INR,1 <= ... < 4 years,2,female : divorced/separated/married
0,no checking account,24,critical account/ other credits existing (not at this bank),furniture/equipment,315700,... < 5000 INR,unemployed,4,male : single
0,0 <= ... < 10000 INR,30,all credits at this bank paid back duly,radio/television,174800,.. >= 50000 INR ,1 <= ... < 4 years,4,male : single
0,no checking account,48,all credits at this bank paid back duly,business,180450,... < 5000 INR,1 <= ... < 4 years,1,female : divorced/separated/married
1,< 0 INR,12,critical account/ other credits existing (not at this bank),car (new),242150,... < 5000 INR,.. >= 7 years,3,male : single
0,>= 10000 INR / salary assignments for at least 1 year,30,critical account/ other credits existing (not at this bank),domestic appliances,150850,... < 5000 INR,.. >= 7 years,4,male : single
0,no checking account,24,critical account/ other credits existing (not at this bank),business,206950,5000 <= ... < 25000 INR,1 <= ... < 4 years,3,male : single
0,no checking account,36,existing credits paid back duly till now,business,287100,5000 <= ... < 25000 INR,4 <= ... < 7 years,2,male : single
0,no checking account,60,existing credits paid back duly till now,car (new),518300,... < 5000 INR,.. >= 7 years,2,male : single
0,no checking account,6,critical account/ other credits existing (not at this bank),car (new),104000,25000 <= ... < 50000 INR ,1 <= ... < 4 years,1,male : married/widowed
1,no checking account,21,delay in paying off in the past,business,129000,25000 <= ... < 50000 INR ,... < 1 year ,4,male : single
0,no checking account,30,critical account/ other credits existing (not at this bank),domestic appliances,226500,... < 5000 INR,4 <= ... < 7 years,4,female : divorced/separated/married
0,no checking account,24,critical account/ other credits existing (not at this bank),radio/television,257500,... < 5000 INR,.. >= 7 years,4,male : single
1,0 <= ... < 10000 INR,72,existing credits paid back duly till now,domestic appliances,279750,5000 <= ... < 25000 INR,1 <= ... < 4 years,2,male : married/widowed
0,< 0 INR,24,existing credits paid back duly till now,domestic appliances,119200,... < 5000 INR,.. >= 7 years,4,male : single
0,no checking account,18,existing credits paid back duly till now,domestic appliances,72650,... < 5000 INR,... < 1 year ,3,female : divorced/separated/married
0,no checking account,6,existing credits paid back duly till now,(vacation - does not exist?),76900,... < 5000 INR,... < 1 year ,1,female : divorced/separated/married
0,no checking account,12,existing credits paid back duly till now,domestic appliances,113950,unknown/ no savings account,1 <= ... < 4 years,4,male : single
0,no checking account,15,delay in paying off in the past,domestic appliances,73900,... < 5000 INR,1 <= ... < 4 years,4,male : married/widowed
0,no checking account,24,critical account/ other credits existing (not at this bank),domestic appliances,255150,... < 5000 INR,... < 1 year ,3,male : married/widowed
0,0 <= ... < 10000 INR,36,delay in paying off in the past,business,492850,5000 <= ... < 25000 INR,4 <= ... < 7 years,1,male : single
0,no checking account,60,existing credits paid back duly till now,car (new),326350,unknown/ no savings account,1 <= ... < 4 years,4,male : single
0,>= 10000 INR / salary assignments for at least 1 year,10,critical account/ other credits existing (not at this bank),domestic appliances,67350,unknown/ no savings account,4 <= ... < 7 years,4,male : single
0,0 <= ... < 10000 INR,36,delay in paying off in the past,car (new),143100,5000 <= ... < 25000 INR,.. >= 7 years,4,male : single
0,no checking account,9,existing credits paid back duly till now,domestic appliances,137650,5000 <= ... < 25000 INR,.. >= 7 years,3,male : single
0,< 0 INR,12,existing credits paid back duly till now,car (new),182550,.. >= 50000 INR ,1 <= ... < 4 years,1,male : single
0,< 0 INR,15,critical account/ other credits existing (not at this bank),radio/television,48750,... < 5000 INR,1 <= ... < 4 years,2,male : divorced/separated
0,0 <= ... < 10000 INR,15,existing credits paid back duly till now,education,131550,5000 <= ... < 25000 INR,1 <= ... < 4 years,3,female : divorced/separated/married
0,0 <= ... < 10000 INR,24,existing credits paid back duly till now,domestic appliances,144800,5000 <= ... < 25000 INR,... < 1 year ,2,male : single
0,< 0 INR,6,critical account/ other credits existing (not at this bank),car (new),235800,unknown/ no savings account,... < 1 year ,1,male : single
0,no checking account,24,existing credits paid back duly till now,domestic appliances,114200,... < 5000 INR,4 <= ... < 7 years,4,male : single
0,no checking account,6,existing credits paid back duly till now,car (used),61800,25000 <= ... < 50000 INR ,1 <= ... < 4 years,2,male : single
0,0 <= ... < 10000 INR,12,existing credits paid back duly till now,domestic appliances,55150,... < 5000 INR,4 <= ... < 7 years,4,male : single
0,no checking account,12,critical account/ other credits existing (not at this bank),car (new),46300,... < 5000 INR,unemployed,1,female : divorced/separated/married
0,no checking account,18,critical account/ other credits existing (not at this bank),domestic appliances,90000,... < 5000 INR,1 <= ... < 4 years,4,male : single
0,>= 10000 INR / salary assignments for at least 1 year,15,existing credits paid back duly till now,(vacation - does not exist?),95250,... < 5000 INR,.. >= 7 years,4,male : single
1,no checking account,12,existing credits paid back duly till now,radio/television,56150,25000 <= ... < 50000 INR ,1 <= ... < 4 years,4,female : divorced/separated/married
1,< 0 INR,48,critical account/ other credits existing (not at this bank),car (used),316550,... < 5000 INR,.. >= 7 years,4,male : single
0,>= 10000 INR / salary assignments for at least 1 year,24,existing credits paid back duly till now,domestic appliances,68850,5000 <= ... < 25000 INR,.. >= 7 years,4,female : divorced/separated/married
0,0 <= ... < 10000 INR,30,delay in paying off in the past,business,125150,5000 <= ... < 25000 INR,.. >= 7 years,4,male : single
0,0 <= ... < 10000 INR,27,existing credits paid back duly till now,business,126400,... < 5000 INR,... < 1 year ,4,female : divorced/separated/married
0,no checking account,15,existing credits paid back duly till now,car (new),266200,25000 <= ... < 50000 INR ,.. >= 7 years,1,female : divorced/separated/married
1,0 <= ... < 10000 INR,48,existing credits paid back duly till now,car (new),328000,5000 <= ... < 25000 INR,4 <= ... < 7 years,3,male : single
1,0 <= ... < 10000 INR,12,no credits taken/ all credits paid back duly,radio/television,148450,... < 5000 INR,... < 1 year ,4,female : divorced/separated/married
0,0 <= ... < 10000 INR,9,existing credits paid back duly till now,domestic appliances,60300,... < 5000 INR,.. >= 7 years,4,female : divorced/separated/married
0,0 <= ... < 10000 INR,9,existing credits paid back duly till now,domestic appliances,105900,... < 5000 INR,1 <= ... < 4 years,2,male : single
0,no checking account,18,critical account/ other credits existing (not at this bank),domestic appliances,31450,25000 <= ... < 50000 INR ,.. >= 7 years,4,male : single
1,< 0 INR,6,all credits at this bank paid back duly,(vacation - does not exist?),59900,... < 5000 INR,.. >= 7 years,4,female : divorced/separated/married
0,no checking account,21,existing credits paid back duly till now,car (used),123800,unknown/ no savings account,.. >= 7 years,4,male : single
0,< 0 INR,9,critical account/ other credits existing (not at this bank),domestic appliances,56900,... < 5000 INR,1 <= ... < 4 years,4,male : single
1,0 <= ... < 10000 INR,60,existing credits paid back duly till now,car (new),701350,... < 5000 INR,4 <= ... < 7 years,4,male : single
0,no checking account,30,critical account/ other credits existing (not at this bank),car (used),379800,unknown/ no savings account,.. >= 7 years,1,male : single
0,no checking account,30,critical account/ other credits existing (not at this bank),domestic appliances,153850,unknown/ no savings account,.. >= 7 years,3,male : single
0,no checking account,18,existing credits paid back duly till now,domestic appliances,75250,... < 5000 INR,1 <= ... < 4 years,4,male : single
0,>= 10000 INR / salary assignments for at least 1 year,24,critical account/ other credits existing (not at this bank),domestic appliances,157400,unknown/ no savings account,1 <= ... < 4 years,3,male : single
0,0 <= ... < 10000 INR,20,no credits taken/ all credits paid back duly,car (used),307400,5000 <= ... < 25000 INR,.. >= 7 years,3,male : married/widowed
1,>= 10000 INR / salary assignments for at least 1 year,9,no credits taken/ all credits paid back duly,domestic appliances,66850,... < 5000 INR,... < 1 year ,4,male : single
1,0 <= ... < 10000 INR,6,all credits at this bank paid back duly,(vacation - does not exist?),21650,.. >= 50000 INR ,... < 1 year ,4,female : divorced/separated/married
1,< 0 INR,12,existing credits paid back duly till now,car (new),61400,... < 5000 INR,1 <= ... < 4 years,4,female : divorced/separated/married
0,0 <= ... < 10000 INR,9,existing credits paid back duly till now,domestic appliances,39500,25000 <= ... < 50000 INR ,1 <= ... < 4 years,4,female : divorced/separated/married
1,no checking account,27,existing credits paid back duly till now,car (new),128500,... < 5000 INR,1 <= ... < 4 years,3,female : divorced/separated/married
0,no checking account,6,critical account/ other credits existing (not at this bank),car (new),12500,.. >= 50000 INR ,1 <= ... < 4 years,2,female : divorced/separated/married
0,no checking account,15,critical account/ other credits existing (not at this bank),domestic appliances,65800,25000 <= ... < 50000 INR ,1 <= ... < 4 years,2,male : married/widowed
1,< 0 INR,18,existing credits paid back duly till now,domestic appliances,94100,... < 5000 INR,1 <= ... < 4 years,4,female : divorced/separated/married
1,0 <= ... < 10000 INR,48,all credits at this bank paid back duly,business,320800,... < 5000 INR,.. >= 7 years,4,female : divorced/separated/married
0,>= 10000 INR / salary assignments for at least 1 year,24,critical account/ other credits existing (not at this bank),business,63750,.. >= 50000 INR ,1 <= ... < 4 years,2,male : divorced/separated
0,0 <= ... < 10000 INR,24,delay in paying off in the past,domestic appliances,320150,... < 5000 INR,... < 1 year ,1,male : single
1,< 0 INR,24,existing credits paid back duly till now,domestic appliances,99350,... < 5000 INR,1 <= ... < 4 years,2,male : single
0,0 <= ... < 10000 INR,8,existing credits paid back duly till now,domestic appliances,38000,... < 5000 INR,4 <= ... < 7 years,4,female : divorced/separated/married
0,no checking account,24,existing credits paid back duly till now,car (used),130150,.. >= 50000 INR ,1 <= ... < 4 years,2,female : divorced/separated/married
0,no checking account,4,critical account/ other credits existing (not at this bank),car (new),169000,... < 5000 INR,4 <= ... < 7 years,1,female : divorced/separated/married
0,0 <= ... < 10000 INR,36,all credits at this bank paid back duly,repairs,199500,unknown/ no savings account,... < 1 year ,3,female : divorced/separated/married
1,0 <= ... < 10000 INR,24,existing credits paid back duly till now,car (used),578000,... < 5000 INR,1 <= ... < 4 years,1,female : divorced/separated/married
0,< 0 INR,18,existing credits paid back duly till now,car (new),219000,5000 <= ... < 25000 INR,1 <= ... < 4 years,3,male : single
0,no checking account,6,critical account/ other credits existing (not at this bank),car (new),338050,... < 5000 INR,4 <= ... < 7 years,1,male : single
1,0 <= ... < 10000 INR,30,no credits taken/ all credits paid back duly,business,214000,5000 <= ... < 25000 INR,1 <= ... < 4 years,4,female : divorced/separated/married
0,< 0 INR,24,all credits at this bank paid back duly,car (new),116250,5000 <= ... < 25000 INR,4 <= ... < 7 years,2,male : single
0,0 <= ... < 10000 INR,10,all credits at this bank paid back duly,domestic appliances,52400,... < 5000 INR,1 <= ... < 4 years,4,male : single
0,no checking account,21,existing credits paid back duly till now,domestic appliances,158000,unknown/ no savings account,.. >= 7 years,4,male : single
0,< 0 INR,24,all credits at this bank paid back duly,radio/television,124150,25000 <= ... < 50000 INR ,1 <= ... < 4 years,4,male : single
0,< 0 INR,39,critical account/ other credits existing (not at this bank),radio/television,708950,unknown/ no savings account,4 <= ... < 7 years,4,male : single
0,< 0 INR,13,critical account/ other credits existing (not at this bank),business,89850,... < 5000 INR,... < 1 year ,3,male : single
0,< 0 INR,15,existing credits paid back duly till now,car (new),125550,... < 5000 INR,unemployed,1,female : divorced/separated/married
1,< 0 INR,12,existing credits paid back duly till now,car (new),63700,... < 5000 INR,... < 1 year ,3,female : divorced/separated/married
0,no checking account,21,existing credits paid back duly till now,car (used),262400,unknown/ no savings account,1 <= ... < 4 years,1,male : single
0,no checking account,15,existing credits paid back duly till now,car (used),151450,... < 5000 INR,4 <= ... < 7 years,2,male : single
0,< 0 INR,6,existing credits paid back duly till now,radio/television,21400,... < 5000 INR,.. >= 7 years,2,female : divorced/separated/married
1,< 0 INR,18,existing credits paid back duly till now,car (new),48800,... < 5000 INR,... < 1 year ,1,female : divorced/separated/married
0,0 <= ... < 10000 INR,12,existing credits paid back duly till now,business,42050,5000 <= ... < 25000 INR,4 <= ... < 7 years,2,female : divorced/separated/married
0,no checking account,30,critical account/ other credits existing (not at this bank),domestic appliances,288550,... < 5000 INR,4 <= ... < 7 years,4,female : divorced/separated/married
1,no checking account,12,delay in paying off in the past,education,77750,.. >= 50000 INR ,.. >= 7 years,4,male : single
1,< 0 INR,24,existing credits paid back duly till now,car (new),64250,unknown/ no savings account,4 <= ... < 7 years,4,female : divorced/separated/married
0,>= 10000 INR / salary assignments for at least 1 year,6,critical account/ other credits existing (not at this bank),car (new),64950,... < 5000 INR,1 <= ... < 4 years,1,male : single
1,>= 10000 INR / salary assignments for at least 1 year,15,critical account/ other credits existing (not at this bank),domestic appliances,63550,unknown/ no savings account,1 <= ... < 4 years,3,male : single
0,no checking account,24,existing credits paid back duly till now,car (new),69650,... < 5000 INR,1 <= ... < 4 years,2,male : single
1,< 0 INR,12,critical account/ other credits existing (not at this bank),car (new),34550,... < 5000 INR,.. >= 7 years,4,male : single
0,no checking account,15,critical account/ other credits existing (not at this bank),car (new),252250,unknown/ no savings account,.. >= 7 years,1,female : divorced/separated/married
1,< 0 INR,18,critical account/ other credits existing (not at this bank),radio/television,106200,... < 5000 INR,1 <= ... < 4 years,4,female : divorced/separated/married
0,< 0 INR,12,existing credits paid back duly till now,domestic appliances,110700,... < 5000 INR,1 <= ... < 4 years,4,male : single
1,no checking account,21,critical account/ other credits existing (not at this bank),car (new),634000,unknown/ no savings account,.. >= 7 years,4,male : single
0,no checking account,24,critical account/ other credits existing (not at this bank),car (new),123150,5000 <= ... < 25000 INR,4 <= ... < 7 years,4,male : married/widowed
0,0 <= ... < 10000 INR,12,existing credits paid back duly till now,domestic appliances,57750,... < 5000 INR,.. >= 7 years,3,male : married/widowed
1,< 0 INR,30,existing credits paid back duly till now,radio/television,155400,... < 5000 INR,... < 1 year ,2,male : divorced/separated
0,no checking account,10,existing credits paid back duly till now,car (used),145050,unknown/ no savings account,... < 1 year ,1,female : divorced/separated/married
0,0 <= ... < 10000 INR,12,critical account/ other credits existing (not at this bank),radio/television,180850,... < 5000 INR,.. >= 7 years,1,male : single
0,no checking account,12,critical account/ other credits existing (not at this bank),domestic appliances,82750,... < 5000 INR,.. >= 7 years,2,male : single
0,< 0 INR,24,existing credits paid back duly till now,car (used),140600,unknown/ no savings account,.. >= 7 years,2,female : divorced/separated/married
1,< 0 INR,36,critical account/ other credits existing (not at this bank),(vacation - does not exist?),403250,... < 5000 INR,1 <= ... < 4 years,3,female : divorced/separated/married
0,no checking account,21,critical account/ other credits existing (not at this bank),car (used),163750,... < 5000 INR,.. >= 7 years,1,male : single
0,no checking account,24,critical account/ other credits existing (not at this bank),domestic appliances,111150,5000 <= ... < 25000 INR,.. >= 7 years,4,male : single
0,>= 10000 INR / salary assignments for at least 1 year,12,critical account/ other credits existing (not at this bank),car (new),74000,25000 <= ... < 50000 INR ,unemployed,2,male : single
1,< 0 INR,24,existing credits paid back duly till now,car (new),68550,unknown/ no savings account,1 <= ... < 4 years,4,female : divorced/separated/married
0,no checking account,36,critical account/ other credits existing (not at this bank),car (new),176750,... < 5000 INR,4 <= ... < 7 years,4,male : single
0,< 0 INR,18,existing credits paid back duly till now,domestic appliances,175450,... < 5000 INR,4 <= ... < 7 years,4,female : divorced/separated/married
0,no checking account,36,critical account/ other credits existing (not at this bank),car (used),285550,.. >= 50000 INR ,.. >= 7 years,4,male : single
0,0 <= ... < 10000 INR,18,existing credits paid back duly till now,education,193600,... < 5000 INR,unemployed,2,female : divorced/separated/married
1,0 <= ... < 10000 INR,39,critical account/ other credits existing (not at this bank),domestic appliances,246650,... < 5000 INR,4 <= ... < 7 years,2,male : single
0,no checking account,24,critical account/ other credits existing (not at this bank),car (new),97000,.. >= 50000 INR ,.. >= 7 years,4,male : single
0,0 <= ... < 10000 INR,12,no credits taken/ all credits paid back duly,retraining,70500,... < 5000 INR,1 <= ... < 4 years,2,male : single
1,0 <= ... < 10000 INR,12,existing credits paid back duly till now,car (new),41800,5000 <= ... < 25000 INR,... < 1 year ,4,female : divorced/separated/married
0,0 <= ... < 10000 INR,20,existing credits paid back duly till now,car (used),323400,unknown/ no savings account,unemployed,1,male : divorced/separated
0,0 <= ... < 10000 INR,18,existing credits paid back duly till now,business,97050,.. >= 50000 INR ,1 <= ... < 4 years,4,male : single
0,no checking account,22,existing credits paid back duly till now,domestic appliances,133750,25000 <= ... < 50000 INR ,.. >= 7 years,3,male : single
0,no checking account,48,critical account/ other credits existing (not at this bank),car (used),137550,unknown/ no savings account,.. >= 7 years,4,male : single
1,0 <= ... < 10000 INR,48,delay in paying off in the past,(vacation - does not exist?),311200,... < 5000 INR,.. >= 7 years,4,male : single
1,< 0 INR,40,critical account/ other credits existing (not at this bank),(vacation - does not exist?),299900,... < 5000 INR,1 <= ... < 4 years,4,male : single
1,0 <= ... < 10000 INR,21,existing credits paid back duly till now,business,59400,... < 5000 INR,.. >= 7 years,2,female : divorced/separated/married
0,no checking account,24,existing credits paid back duly till now,car (used),315650,unknown/ no savings account,.. >= 7 years,3,male : single
0,no checking account,6,critical account/ other credits existing (not at this bank),radio/television,61050,unknown/ no savings account,1 <= ... < 4 years,1,male : married/widowed
0,>= 10000 INR / salary assignments for at least 1 year,24,existing credits paid back duly till now,radio/television,144600,... < 5000 INR,.. >= 7 years,3,male : divorced/separated
0,no checking account,24,existing credits paid back duly till now,radio/television,153100,25000 <= ... < 50000 INR ,.. >= 7 years,4,male : single
0,no checking account,9,existing credits paid back duly till now,radio/television,115050,5000 <= ... < 25000 INR,... < 1 year ,2,female : divorced/separated/married
1,< 0 INR,18,existing credits paid back duly till now,car (used),375550,unknown/ no savings account,.. >= 7 years,1,male : single
0,no checking account,12,critical account/ other credits existing (not at this bank),radio/television,62900,... < 5000 INR,... < 1 year ,2,female : divorced/separated/married
0,no checking account,24,delay in paying off in the past,car (new),35850,unknown/ no savings account,.. >= 7 years,4,male : married/widowed
0,0 <= ... < 10000 INR,9,existing credits paid back duly till now,car (new),77450,unknown/ no savings account,... < 1 year ,4,male : single
0,no checking account,24,critical account/ other credits existing (not at this bank),(vacation - does not exist?),79850,... < 5000 INR,.. >= 7 years,4,male : single
0,0 <= ... < 10000 INR,18,critical account/ other credits existing (not at this bank),domestic appliances,89750,... < 5000 INR,.. >= 7 years,3,female : divorced/separated/married
0,< 0 INR,20,critical account/ other credits existing (not at this bank),radio/television,213600,... < 5000 INR,.. >= 7 years,1,female : divorced/separated/married
0,no checking account,12,critical account/ other credits existing (not at this bank),domestic appliances,48800,unknown/ no savings account,.. >= 7 years,4,male : single
0,0 <= ... < 10000 INR,12,existing credits paid back duly till now,car (new),373600,unknown/ no savings account,unemployed,1,female : divorced/separated/married
1,< 0 INR,36,existing credits paid back duly till now,car (new),463550,... < 5000 INR,4 <= ... < 7 years,2,male : single
0,0 <= ... < 10000 INR,6,existing credits paid back duly till now,domestic appliances,29500,... < 5000 INR,... < 1 year ,3,male : married/widowed
0,no checking account,12,critical account/ other credits existing (not at this bank),domestic appliances,46500,unknown/ no savings account,.. >= 7 years,4,male : single
0,0 <= ... < 10000 INR,42,all credits at this bank paid back duly,car (used),464150,... < 5000 INR,unemployed,1,male : single
1,0 <= ... < 10000 INR,15,no credits taken/ all credits paid back duly,car (new),88900,... < 5000 INR,... < 1 year ,2,female : divorced/separated/married
0,0 <= ... < 10000 INR,8,existing credits paid back duly till now,business,45350,... < 5000 INR,... < 1 year ,3,male : married/widowed
0,0 <= ... < 10000 INR,6,existing credits paid back duly till now,domestic appliances,24200,... < 5000 INR,4 <= ... < 7 years,3,male : married/widowed
1,< 0 INR,36,critical account/ other credits existing (not at this bank),car (used),481450,... < 5000 INR,4 <= ... < 7 years,4,male : single
1,< 0 INR,48,existing credits paid back duly till now,repairs,152550,... < 5000 INR,1 <= ... < 4 years,3,male : single
1,< 0 INR,48,existing credits paid back duly till now,car (new),196550,... < 5000 INR,4 <= ... < 7 years,4,male : single
0,0 <= ... < 10000 INR,36,delay in paying off in the past,car (new),371600,... < 5000 INR,1 <= ... < 4 years,2,female : divorced/separated/married
0,no checking account,6,existing credits paid back duly till now,repairs,66900,25000 <= ... < 50000 INR ,1 <= ... < 4 years,1,male : divorced/separated
0,no checking account,6,critical account/ other credits existing (not at this bank),domestic appliances,77700,... < 5000 INR,4 <= ... < 7 years,1,female : divorced/separated/married
0,< 0 INR,36,existing credits paid back duly till now,furniture/equipment,792850,... < 5000 INR,unemployed,2,male : divorced/separated
1,< 0 INR,18,existing credits paid back duly till now,domestic appliances,67250,... < 5000 INR,1 <= ... < 4 years,4,male : married/widowed
0,no checking account,12,existing credits paid back duly till now,car (new),55050,... < 5000 INR,1 <= ... < 4 years,3,male : married/widowed
0,>= 10000 INR / salary assignments for at least 1 year,12,existing credits paid back duly till now,domestic appliances,150800,... < 5000 INR,1 <= ... < 4 years,3,male : married/widowed
1,< 0 INR,36,existing credits paid back duly till now,radio/television,135600,... < 5000 INR,.. >= 7 years,2,male : single
0,< 0 INR,8,critical account/ other credits existing (not at this bank),car (new),36550,... < 5000 INR,.. >= 7 years,4,male : single
0,no checking account,18,critical account/ other credits existing (not at this bank),radio/television,189000,... < 5000 INR,... < 1 year ,3,male : divorced/separated
0,< 0 INR,21,critical account/ other credits existing (not at this bank),car (new),80100,... < 5000 INR,.. >= 7 years,4,male : married/widowed
1,< 0 INR,18,critical account/ other credits existing (not at this bank),car (new),198300,... < 5000 INR,.. >= 7 years,1,female : divorced/separated/married
1,no checking account,18,no credits taken/ all credits paid back duly,business,208250,... < 5000 INR,1 <= ... < 4 years,2,male : single
1,< 0 INR,36,existing credits paid back duly till now,car (used),416750,unknown/ no savings account,.. >= 7 years,3,male : single
0,0 <= ... < 10000 INR,48,delay in paying off in the past,business,334050,unknown/ no savings account,1 <= ... < 4 years,4,male : single
0,no checking account,24,delay in paying off in the past,business,118750,25000 <= ... < 50000 INR ,1 <= ... < 4 years,4,male : single
1,< 0 INR,18,existing credits paid back duly till now,car (new),60800,... < 5000 INR,... < 1 year ,4,female : divorced/separated/married
1,< 0 INR,45,no credits taken/ all credits paid back duly,business,590800,... < 5000 INR,.. >= 7 years,2,male : single
0,0 <= ... < 10000 INR,24,existing credits paid back duly till now,domestic appliances,254200,unknown/ no savings account,.. >= 7 years,2,female : divorced/separated/married
1,>= 10000 INR / salary assignments for at least 1 year,15,existing credits paid back duly till now,domestic appliances,116350,... < 5000 INR,... < 1 year ,2,female : divorced/separated/married
1,< 0 INR,12,no credits taken/ all credits paid back duly,car (new),54100,... < 5000 INR,1 <= ... < 4 years,4,male : single
0,no checking account,12,existing credits paid back duly till now,domestic appliances,44300,unknown/ no savings account,1 <= ... < 4 years,4,female : divorced/separated/married
0,no checking account,4,existing credits paid back duly till now,radio/television,30050,... < 5000 INR,... < 1 year ,1,female : divorced/separated/married
0,< 0 INR,24,critical account/ other credits existing (not at this bank),car (used),147850,... < 5000 INR,.. >= 7 years,4,male : single
0,no checking account,24,critical account/ other credits existing (not at this bank),domestic appliances,130550,... < 5000 INR,.. >= 7 years,4,male : married/widowed
1,< 0 INR,36,existing credits paid back duly till now,radio/television,258950,... < 5000 INR,4 <= ... < 7 years,4,male : single
0,no checking account,21,delay in paying off in the past,car (used),149650,... < 5000 INR,1 <= ... < 4 years,3,male : single
1,no checking account,18,existing credits paid back duly till now,education,97150,... < 5000 INR,... < 1 year ,4,female : divorced/separated/married
0,no checking account,24,all credits at this bank paid back duly,business,77950,... < 5000 INR,4 <= ... < 7 years,4,male : single
0,no checking account,18,existing credits paid back duly till now,radio/television,171100,... < 5000 INR,.. >= 7 years,4,male : single
0,0 <= ... < 10000 INR,21,existing credits paid back duly till now,radio/television,198800,unknown/ no savings account,4 <= ... < 7 years,2,male : single
1,no checking account,18,existing credits paid back duly till now,car (new),338050,unknown/ no savings account,1 <= ... < 4 years,2,male : single
0,no checking account,24,existing credits paid back duly till now,car (new),62450,... < 5000 INR,... < 1 year ,4,male : married/widowed
0,< 0 INR,9,existing credits paid back duly till now,domestic appliances,68200,... < 5000 INR,4 <= ... < 7 years,3,male : single
1,< 0 INR,12,existing credits paid back duly till now,domestic appliances,35450,... < 5000 INR,.. >= 7 years,4,male : single
1,< 0 INR,20,critical account/ other credits existing (not at this bank),car (new),111750,... < 5000 INR,1 <= ... < 4 years,4,male : married/widowed
0,no checking account,24,critical account/ other credits existing (not at this bank),car (used),202100,unknown/ no savings account,4 <= ... < 7 years,3,male : single
0,no checking account,15,critical account/ other credits existing (not at this bank),domestic appliances,73550,... < 5000 INR,1 <= ... < 4 years,4,male : single
1,< 0 INR,18,all credits at this bank paid back duly,car (new),72100,... < 5000 INR,4 <= ... < 7 years,4,male : single
0,no checking account,36,delay in paying off in the past,car (new),543750,... < 5000 INR,.. >= 7 years,2,male : single
0,no checking account,24,existing credits paid back duly till now,car (new),73700,5000 <= ... < 25000 INR,... < 1 year ,4,male : married/widowed
0,no checking account,10,existing credits paid back duly till now,retraining,44700,unknown/ no savings account,4 <= ... < 7 years,4,female : divorced/separated/married
0,no checking account,15,critical account/ other credits existing (not at this bank),radio/television,167150,... < 5000 INR,1 <= ... < 4 years,4,male : single
1,< 0 INR,15,existing credits paid back duly till now,car (new),197950,... < 5000 INR,1 <= ... < 4 years,3,female : divorced/separated/married
0,no checking account,9,existing credits paid back duly till now,car (new),178850,5000 <= ... < 25000 INR,1 <= ... < 4 years,1,male : single
0,no checking account,24,critical account/ other credits existing (not at this bank),car (used),290200,.. >= 50000 INR ,1 <= ... < 4 years,4,male : single
1,no checking account,18,delay in paying off in the past,business,108450,... < 5000 INR,1 <= ... < 4 years,4,male : married/widowed
1,< 0 INR,24,existing credits paid back duly till now,domestic appliances,121950,... < 5000 INR,... < 1 year ,4,female : divorced/separated/married
0,no checking account,27,critical account/ other credits existing (not at this bank),radio/television,226300,.. >= 50000 INR ,... < 1 year ,4,male : single
1,no checking account,10,existing credits paid back duly till now,radio/television,110500,... < 5000 INR,1 <= ... < 4 years,2,male : single
0,no checking account,15,existing credits paid back duly till now,radio/television,111050,25000 <= ... < 50000 INR ,1 <= ... < 4 years,2,female : divorced/separated/married
0,< 0 INR,18,existing credits paid back duly till now,domestic appliances,119450,... < 5000 INR,... < 1 year ,4,female : divorced/separated/married
0,no checking account,12,critical account/ other credits existing (not at this bank),radio/television,166550,... < 5000 INR,.. >= 7 years,2,male : single
0,no checking account,36,existing credits paid back duly till now,business,370450,unknown/ no savings account,.. >= 7 years,3,male : single
0,< 0 INR,12,existing credits paid back duly till now,radio/television,32600,... < 5000 INR,.. >= 7 years,4,female : divorced/separated/married
0,no checking account,36,delay in paying off in the past,radio/television,383900,25000 <= ... < 50000 INR ,4 <= ... < 7 years,2,female : divorced/separated/married
0,>= 10000 INR / salary assignments for at least 1 year,6,critical account/ other credits existing (not at this bank),car (new),67150,... < 5000 INR,.. >= 7 years,1,male : single
0,< 0 INR,24,critical account/ other credits existing (not at this bank),business,69100,5000 <= ... < 25000 INR,4 <= ... < 7 years,4,male : single
0,no checking account,15,existing credits paid back duly till now,repairs,43700,unknown/ no savings account,... < 1 year ,4,female : divorced/separated/married
0,< 0 INR,12,existing credits paid back duly till now,radio/television,179500,... < 5000 INR,1 <= ... < 4 years,2,male : single
0,0 <= ... < 10000 INR,11,critical account/ other credits existing (not at this bank),car (new),66100,.. >= 50000 INR ,1 <= ... < 4 years,4,female : divorced/separated/married
0,< 0 INR,18,all credits at this bank paid back duly,domestic appliances,97000,... < 5000 INR,... < 1 year ,3,male : single
0,no checking account,36,existing credits paid back duly till now,domestic appliances,179750,... < 5000 INR,.. >= 7 years,4,male : single
1,< 0 INR,9,existing credits paid back duly till now,car (new),71100,... < 5000 INR,... < 1 year ,3,male : single
0,no checking account,30,critical account/ other credits existing (not at this bank),domestic appliances,337100,unknown/ no savings account,4 <= ... < 7 years,2,male : single
0,no checking account,24,existing credits paid back duly till now,car (used),390700,... < 5000 INR,4 <= ... < 7 years,3,male : single
0,no checking account,24,existing credits paid back duly till now,car (used),463850,unknown/ no savings account,1 <= ... < 4 years,2,male : divorced/separated
0,0 <= ... < 10000 INR,30,critical account/ other credits existing (not at this bank),car (new),109050,unknown/ no savings account,.. >= 7 years,4,male : single
0,no checking account,18,critical account/ other credits existing (not at this bank),domestic appliances,54900,... < 5000 INR,unemployed,4,female : divorced/separated/married
1,0 <= ... < 10000 INR,24,existing credits paid back duly till now,radio/television,202850,... < 5000 INR,4 <= ... < 7 years,3,male : divorced/separated
1,< 0 INR,12,existing credits paid back duly till now,(vacation - does not exist?),39750,... < 5000 INR,... < 1 year ,4,female : divorced/separated/married
0,0 <= ... < 10000 INR,24,critical account/ other credits existing (not at this bank),business,141250,unknown/ no savings account,4 <= ... < 7 years,4,male : single
1,0 <= ... < 10000 INR,48,existing credits paid back duly till now,business,783600,... < 5000 INR,1 <= ... < 4 years,2,male : single
0,no checking account,36,critical account/ other credits existing (not at this bank),car (new),330700,... < 5000 INR,.. >= 7 years,4,male : single
0,no checking account,28,all credits at this bank paid back duly,car (used),391200,unknown/ no savings account,... < 1 year ,3,male : single
0,< 0 INR,27,critical account/ other credits existing (not at this bank),business,122100,... < 5000 INR,.. >= 7 years,4,male : single
0,no checking account,15,critical account/ other credits existing (not at this bank),domestic appliances,91450,... < 5000 INR,.. >= 7 years,4,male : single
0,< 0 INR,12,critical account/ other credits existing (not at this bank),car (new),108550,... < 5000 INR,1 <= ... < 4 years,4,male : single
0,0 <= ... < 10000 INR,36,critical account/ other credits existing (not at this bank),car (used),290000,... < 5000 INR,1 <= ... < 4 years,3,male : single
0,no checking account,18,critical account/ other credits existing (not at this bank),domestic appliances,58450,unknown/ no savings account,1 <= ... < 4 years,4,male : single
0,no checking account,36,delay in paying off in the past,car (used),447350,unknown/ no savings account,4 <= ... < 7 years,3,male : single
0,< 0 INR,21,existing credits paid back duly till now,domestic appliances,130300,... < 5000 INR,... < 1 year ,4,female : divorced/separated/married
0,no checking account,12,critical account/ other credits existing (not at this bank),radio/television,79600,.. >= 50000 INR ,4 <= ... < 7 years,3,female : divorced/separated/married
0,no checking account,15,existing credits paid back duly till now,radio/television,109300,unknown/ no savings account,4 <= ... < 7 years,1,female : divorced/separated/married
1,< 0 INR,18,existing credits paid back duly till now,radio/television,207650,... < 5000 INR,1 <= ... < 4 years,2,male : single
1,< 0 INR,16,critical account/ other credits existing (not at this bank),car (new),131250,... < 5000 INR,.. >= 7 years,2,male : single
0,no checking account,20,critical account/ other credits existing (not at this bank),car (new),174250,unknown/ no savings account,... < 1 year ,2,male : divorced/separated
0,no checking account,36,critical account/ other credits existing (not at this bank),car (used),523850,unknown/ no savings account,.. >= 7 years,2,male : single
0,no checking account,15,existing credits paid back duly till now,domestic appliances,69300,unknown/ no savings account,1 <= ... < 4 years,4,male : married/widowed
0,no checking account,24,existing credits paid back duly till now,domestic appliances,63900,... < 5000 INR,.. >= 7 years,4,male : single
0,< 0 INR,12,existing credits paid back duly till now,domestic appliances,55350,... < 5000 INR,1 <= ... < 4 years,2,male : single
0,< 0 INR,21,existing credits paid back duly till now,car (new),188150,unknown/ no savings account,4 <= ... < 7 years,2,male : single
0,0 <= ... < 10000 INR,36,existing credits paid back duly till now,(vacation - does not exist?),185550,unknown/ no savings account,1 <= ... < 4 years,2,male : married/widowed
0,no checking account,15,delay in paying off in the past,car (used),179700,... < 5000 INR,... < 1 year ,1,female : divorced/separated/married
0,0 <= ... < 10000 INR,9,existing credits paid back duly till now,car (new),159750,unknown/ no savings account,1 <= ... < 4 years,1,female : divorced/separated/married
0,no checking account,36,delay in paying off in the past,domestic appliances,222700,... < 5000 INR,1 <= ... < 4 years,4,female : divorced/separated/married
1,0 <= ... < 10000 INR,24,critical account/ other credits existing (not at this bank),radio/television,236800,... < 5000 INR,... < 1 year ,2,female : divorced/separated/married
0,0 <= ... < 10000 INR,30,existing credits paid back duly till now,domestic appliances,149550,unknown/ no savings account,.. >= 7 years,2,female : divorced/separated/married
0,no checking account,11,existing credits paid back duly till now,business,107100,.. >= 50000 INR ,.. >= 7 years,1,male : divorced/separated
1,< 0 INR,24,all credits at this bank paid back duly,business,158050,... < 5000 INR,1 <= ... < 4 years,4,male : single
1,0 <= ... < 10000 INR,48,no credits taken/ all credits paid back duly,furniture/equipment,921200,... < 5000 INR,1 <= ... < 4 years,1,female : divorced/separated/married
0,no checking account,10,existing credits paid back duly till now,car (used),142400,5000 <= ... < 25000 INR,1 <= ... < 4 years,1,male : single
1,< 0 INR,6,existing credits paid back duly till now,car (new),744800,... < 5000 INR,.. >= 7 years,1,male : single
1,< 0 INR,24,existing credits paid back duly till now,radio/television,117950,5000 <= ... < 25000 INR,unemployed,1,male : divorced/separated
1,< 0 INR,24,existing credits paid back duly till now,radio/television,167250,... < 5000 INR,.. >= 7 years,4,male : single
0,no checking account,18,critical account/ other credits existing (not at this bank),radio/television,90850,... < 5000 INR,1 <= ... < 4 years,4,female : divorced/separated/married
0,no checking account,48,delay in paying off in the past,domestic appliances,637450,25000 <= ... < 50000 INR ,4 <= ... < 7 years,4,male : single
1,< 0 INR,9,existing credits paid back duly till now,domestic appliances,68300,... < 5000 INR,... < 1 year ,3,female : divorced/separated/married
0,0 <= ... < 10000 INR,12,existing credits paid back duly till now,car (new),100100,... < 5000 INR,4 <= ... < 7 years,3,male : single
1,< 0 INR,24,all credits at this bank paid back duly,radio/television,343600,... < 5000 INR,... < 1 year ,2,male : divorced/separated
1,< 0 INR,12,all credits at this bank paid back duly,car (new),34850,... < 5000 INR,... < 1 year ,4,male : single
0,< 0 INR,18,critical account/ other credits existing (not at this bank),radio/television,52450,... < 5000 INR,... < 1 year ,4,female : divorced/separated/married
1,< 0 INR,48,existing credits paid back duly till now,car (used),514850,... < 5000 INR,4 <= ... < 7 years,4,male : single
0,no checking account,30,existing credits paid back duly till now,domestic appliances,93350,unknown/ no savings account,.. >= 7 years,4,male : single
0,< 0 INR,12,delay in paying off in the past,car (new),67200,... < 5000 INR,1 <= ... < 4 years,4,male : single
0,< 0 INR,24,existing credits paid back duly till now,radio/television,87350,... < 5000 INR,... < 1 year ,4,male : single
1,0 <= ... < 10000 INR,9,existing credits paid back duly till now,domestic appliances,83500,... < 5000 INR,... < 1 year ,4,female : divorced/separated/married
0,no checking account,9,critical account/ other credits existing (not at this bank),car (new),61200,... < 5000 INR,1 <= ... < 4 years,3,male : single
0,no checking account,12,critical account/ other credits existing (not at this bank),domestic appliances,26100,25000 <= ... < 50000 INR ,.. >= 7 years,4,male : single
0,< 0 INR,12,existing credits paid back duly till now,domestic appliances,74900,... < 5000 INR,1 <= ... < 4 years,4,female : divorced/separated/married
1,0 <= ... < 10000 INR,30,delay in paying off in the past,domestic appliances,95950,5000 <= ... < 25000 INR,... < 1 year ,4,male : single
1,>= 10000 INR / salary assignments for at least 1 year,9,existing credits paid back duly till now,domestic appliances,37250,... < 5000 INR,1 <= ... < 4 years,3,female : divorced/separated/married
0,0 <= ... < 10000 INR,6,existing credits paid back duly till now,domestic appliances,103150,... < 5000 INR,... < 1 year ,4,male : married/widowed
1,0 <= ... < 10000 INR,60,existing credits paid back duly till now,(vacation - does not exist?),314400,... < 5000 INR,1 <= ... < 4 years,4,male : single
0,no checking account,24,critical account/ other credits existing (not at this bank),car (used),342100,unknown/ no savings account,1 <= ... < 4 years,2,male : single
0,no checking account,12,existing credits paid back duly till now,car (new),176350,unknown/ no savings account,... < 1 year ,2,male : single
0,no checking account,10,existing credits paid back duly till now,car (new),77300,... < 5000 INR,1 <= ... < 4 years,3,male : single
0,no checking account,24,existing credits paid back duly till now,radio/television,46450,unknown/ no savings account,4 <= ... < 7 years,4,male : single
0,no checking account,4,critical account/ other credits existing (not at this bank),car (new),72750,... < 5000 INR,4 <= ... < 7 years,2,male : single
0,< 0 INR,15,existing credits paid back duly till now,radio/television,92250,... < 5000 INR,... < 1 year ,4,female : divorced/separated/married
0,0 <= ... < 10000 INR,48,no credits taken/ all credits paid back duly,car (new),417900,25000 <= ... < 50000 INR ,... < 1 year ,1,female : divorced/separated/married
1,< 0 INR,24,all credits at this bank paid back duly,radio/television,167450,25000 <= ... < 50000 INR ,... < 1 year ,4,male : single
0,no checking account,12,existing credits paid back duly till now,car (new),142950,unknown/ no savings account,unemployed,4,male : single
1,no checking account,18,existing credits paid back duly till now,radio/television,76650,... < 5000 INR,... < 1 year ,4,male : married/widowed
1,no checking account,24,existing credits paid back duly till now,domestic appliances,181050,5000 <= ... < 25000 INR,.. >= 7 years,2,male : single
0,0 <= ... < 10000 INR,18,critical account/ other credits existing (not at this bank),business,179500,... < 5000 INR,unemployed,3,male : married/widowed
1,< 0 INR,36,delay in paying off in the past,business,107250,... < 5000 INR,4 <= ... < 7 years,2,male : single
1,0 <= ... < 10000 INR,24,existing credits paid back duly till now,car (used),205650,25000 <= ... < 50000 INR ,... < 1 year ,3,female : divorced/separated/married
1,no checking account,36,existing credits paid back duly till now,radio/television,548700,... < 5000 INR,unemployed,4,female : divorced/separated/married
0,< 0 INR,12,existing credits paid back duly till now,car (new),94650,... < 5000 INR,1 <= ... < 4 years,4,female : divorced/separated/married
0,< 0 INR,24,critical account/ other credits existing (not at this bank),domestic appliances,61550,.. >= 50000 INR ,.. >= 7 years,4,female : divorced/separated/married
0,>= 10000 INR / salary assignments for at least 1 year,30,critical account/ other credits existing (not at this bank),domestic appliances,182800,unknown/ no savings account,.. >= 7 years,4,male : single
0,0 <= ... < 10000 INR,9,critical account/ other credits existing (not at this bank),domestic appliances,57700,... < 5000 INR,.. >= 7 years,2,male : single
1,< 0 INR,28,existing credits paid back duly till now,car (new),200300,... < 5000 INR,1 <= ... < 4 years,3,male : single
0,0 <= ... < 10000 INR,24,existing credits paid back duly till now,radio/television,153450,5000 <= ... < 25000 INR,.. >= 7 years,4,male : single
0,no checking account,6,critical account/ other credits existing (not at this bank),domestic appliances,87000,... < 5000 INR,.. >= 7 years,2,male : married/widowed
0,0 <= ... < 10000 INR,21,delay in paying off in the past,car (new),117650,... < 5000 INR,1 <= ... < 4 years,1,male : divorced/separated
0,no checking account,15,existing credits paid back duly till now,car (new),177800,unknown/ no savings account,1 <= ... < 4 years,3,male : single
1,no checking account,24,existing credits paid back duly till now,domestic appliances,119850,25000 <= ... < 50000 INR ,.. >= 7 years,3,male : single
0,0 <= ... < 10000 INR,6,existing credits paid back duly till now,education,22700,... < 5000 INR,... < 1 year ,3,male : married/widowed
0,0 <= ... < 10000 INR,30,existing credits paid back duly till now,domestic appliances,85750,unknown/ no savings account,1 <= ... < 4 years,4,female : divorced/separated/married
1,0 <= ... < 10000 INR,27,critical account/ other credits existing (not at this bank),domestic appliances,126000,25000 <= ... < 50000 INR ,1 <= ... < 4 years,4,male : single
0,no checking account,15,existing credits paid back duly till now,domestic appliances,178400,... < 5000 INR,.. >= 7 years,4,female : divorced/separated/married
0,no checking account,42,existing credits paid back duly till now,domestic appliances,358300,unknown/ no savings account,4 <= ... < 7 years,2,male : married/widowed
0,< 0 INR,11,critical account/ other credits existing (not at this bank),car (new),196950,... < 5000 INR,1 <= ... < 4 years,1,male : single
0,0 <= ... < 10000 INR,15,existing credits paid back duly till now,education,75700,5000 <= ... < 25000 INR,1 <= ... < 4 years,4,male : single
0,no checking account,24,existing credits paid back duly till now,car (new),369650,... < 5000 INR,1 <= ... < 4 years,1,male : single
1,< 0 INR,24,all credits at this bank paid back duly,car (new),59650,... < 5000 INR,unemployed,1,female : divorced/separated/married
1,< 0 INR,60,existing credits paid back duly till now,business,364850,... < 5000 INR,.. >= 7 years,4,male : single
0,no checking account,30,critical account/ other credits existing (not at this bank),domestic appliances,141550,... < 5000 INR,1 <= ... < 4 years,4,female : divorced/separated/married
0,>= 10000 INR / salary assignments for at least 1 year,24,existing credits paid back duly till now,domestic appliances,62900,25000 <= ... < 50000 INR ,1 <= ... < 4 years,3,female : divorced/separated/married
0,0 <= ... < 10000 INR,6,existing credits paid back duly till now,domestic appliances,37650,... < 5000 INR,1 <= ... < 4 years,2,female : divorced/separated/married
0,0 <= ... < 10000 INR,18,delay in paying off in the past,business,121350,unknown/ no savings account,.. >= 7 years,4,male : single
1,no checking account,24,delay in paying off in the past,car (new),126900,... < 5000 INR,.. >= 7 years,4,male : single
1,0 <= ... < 10000 INR,15,all credits at this bank paid back duly,car (new),63200,5000 <= ... < 25000 INR,1 <= ... < 4 years,2,male : married/widowed
1,0 <= ... < 10000 INR,30,critical account/ other credits existing (not at this bank),radio/television,419300,... < 5000 INR,4 <= ... < 7 years,2,male : single
1,no checking account,48,existing credits paid back duly till now,business,242200,... < 5000 INR,unemployed,3,male : single
0,>= 10000 INR / salary assignments for at least 1 year,21,existing credits paid back duly till now,car (new),146150,5000 <= ... < 25000 INR,1 <= ... < 4 years,1,female : divorced/separated/married
1,< 0 INR,36,existing credits paid back duly till now,car (used),411450,... < 5000 INR,1 <= ... < 4 years,2,male : single
0,no checking account,24,critical account/ other credits existing (not at this bank),radio/television,101400,... < 5000 INR,4 <= ... < 7 years,2,male : single
0,< 0 INR,15,critical account/ other credits existing (not at this bank),radio/television,71650,... < 5000 INR,1 <= ... < 4 years,4,female : divorced/separated/married
0,>= 10000 INR / salary assignments for at least 1 year,42,no credits taken/ all credits paid back duly,business,314450,... < 5000 INR,... < 1 year ,2,male : divorced/separated
0,no checking account,13,existing credits paid back duly till now,domestic appliances,70450,5000 <= ... < 25000 INR,unemployed,2,female : divorced/separated/married
0,< 0 INR,24,existing credits paid back duly till now,car (used),328950,... < 5000 INR,unemployed,4,male : single
0,0 <= ... < 10000 INR,24,critical account/ other credits existing (not at this bank),domestic appliances,87150,... < 5000 INR,.. >= 7 years,4,male : single
0,no checking account,12,critical account/ other credits existing (not at this bank),(vacation - does not exist?),178250,unknown/ no savings account,... < 1 year ,2,male : single
0,no checking account,15,all credits at this bank paid back duly,domestic appliances,78450,5000 <= ... < 25000 INR,.. >= 7 years,4,male : single
0,< 0 INR,18,existing credits paid back duly till now,domestic appliances,96800,unknown/ no savings account,4 <= ... < 7 years,2,male : married/widowed
0,< 0 INR,36,existing credits paid back duly till now,radio/television,197950,... < 5000 INR,unemployed,4,male : single
0,no checking account,12,existing credits paid back duly till now,car (new),119500,unknown/ no savings account,.. >= 7 years,4,male : single
0,no checking account,12,existing credits paid back duly till now,radio/television,86800,... < 5000 INR,4 <= ... < 7 years,3,female : divorced/separated/married
0,< 0 INR,30,existing credits paid back duly till now,car (used),192850,... < 5000 INR,1 <= ... < 4 years,4,male : divorced/separated
0,no checking account,12,existing credits paid back duly till now,domestic appliances,40200,... < 5000 INR,.. >= 7 years,4,male : single
1,< 0 INR,45,existing credits paid back duly till now,domestic appliances,92250,... < 5000 INR,1 <= ... < 4 years,4,male : single
0,0 <= ... < 10000 INR,45,critical account/ other credits existing (not at this bank),car (used),228800,5000 <= ... < 25000 INR,unemployed,3,male : single
